age,12,ist1,rw,20,sw,134
age,12,ist1,rw,19,sw,134
age,12,ist1,rw,18,sw,134
age,12,ist1,rw,17,sw,134
age,12,ist1,rw,16,sw,134
age,12,ist1,rw,15,sw,134
age,12,ist1,rw,14,sw,130
age,12,ist1,rw,13,sw,126
age,12,ist1,rw,12,sw,122
age,12,ist1,rw,11,sw,118
age,12,ist1,rw,10,sw,114
age,12,ist1,rw,9,sw,110
age,12,ist1,rw,8,sw,106
age,12,ist1,rw,7,sw,102
age,12,ist1,rw,6,sw,98
age,12,ist1,rw,5,sw,94
age,12,ist1,rw,4,sw,90
age,12,ist1,rw,3,sw,86
age,12,ist1,rw,2,sw,82
age,12,ist1,rw,1,sw,78
age,12,ist1,rw,0,sw,74
age,12,ist2,rw,20,sw,133
age,12,ist2,rw,19,sw,133
age,12,ist2,rw,18,sw,133
age,12,ist2,rw,17,sw,133
age,12,ist2,rw,16,sw,133
age,12,ist2,rw,15,sw,133
age,12,ist2,rw,14,sw,129
age,12,ist2,rw,13,sw,125
age,12,ist2,rw,12,sw,120
age,12,ist2,rw,11,sw,116
age,12,ist2,rw,10,sw,112
age,12,ist2,rw,9,sw,108
age,12,ist2,rw,8,sw,104
age,12,ist2,rw,7,sw,100
age,12,ist2,rw,6,sw,95
age,12,ist2,rw,5,sw,91
age,12,ist2,rw,4,sw,87
age,12,ist2,rw,3,sw,83
age,12,ist2,rw,2,sw,79
age,12,ist2,rw,1,sw,75
age,12,ist2,rw,0,sw,70
age,12,ist3,rw,20,sw,135
age,12,ist3,rw,19,sw,135
age,12,ist3,rw,18,sw,135
age,12,ist3,rw,17,sw,135
age,12,ist3,rw,16,sw,135
age,12,ist3,rw,15,sw,135
age,12,ist3,rw,14,sw,132
age,12,ist3,rw,13,sw,128
age,12,ist3,rw,12,sw,124
age,12,ist3,rw,11,sw,120
age,12,ist3,rw,10,sw,116
age,12,ist3,rw,9,sw,112
age,12,ist3,rw,8,sw,108
age,12,ist3,rw,7,sw,105
age,12,ist3,rw,6,sw,101
age,12,ist3,rw,5,sw,97
age,12,ist3,rw,4,sw,93
age,12,ist3,rw,3,sw,89
age,12,ist3,rw,2,sw,85
age,12,ist3,rw,1,sw,82
age,12,ist3,rw,0,sw,78
age,12,ist4,rw,20,sw,132
age,12,ist4,rw,19,sw,132
age,12,ist4,rw,18,sw,132
age,12,ist4,rw,17,sw,132
age,12,ist4,rw,16,sw,132
age,12,ist4,rw,15,sw,132
age,12,ist4,rw,14,sw,129
age,12,ist4,rw,13,sw,125
age,12,ist4,rw,12,sw,121
age,12,ist4,rw,11,sw,117
age,12,ist4,rw,10,sw,114
age,12,ist4,rw,9,sw,110
age,12,ist4,rw,8,sw,106
age,12,ist4,rw,7,sw,103
age,12,ist4,rw,6,sw,99
age,12,ist4,rw,5,sw,95
age,12,ist4,rw,4,sw,91
age,12,ist4,rw,3,sw,88
age,12,ist4,rw,2,sw,84
age,12,ist4,rw,1,sw,80
age,12,ist4,rw,0,sw,77
age,12,ist5,rw,20,sw,133
age,12,ist5,rw,19,sw,133
age,12,ist5,rw,18,sw,133
age,12,ist5,rw,17,sw,133
age,12,ist5,rw,16,sw,133
age,12,ist5,rw,15,sw,133
age,12,ist5,rw,14,sw,129
age,12,ist5,rw,13,sw,126
age,12,ist5,rw,12,sw,122
age,12,ist5,rw,11,sw,118
age,12,ist5,rw,10,sw,114
age,12,ist5,rw,9,sw,111
age,12,ist5,rw,8,sw,107
age,12,ist5,rw,7,sw,103
age,12,ist5,rw,6,sw,100
age,12,ist5,rw,5,sw,96
age,12,ist5,rw,4,sw,92
age,12,ist5,rw,3,sw,89
age,12,ist5,rw,2,sw,85
age,12,ist5,rw,1,sw,81
age,12,ist5,rw,0,sw,77
age,12,ist6,rw,20,sw,133
age,12,ist6,rw,19,sw,133
age,12,ist6,rw,18,sw,133
age,12,ist6,rw,17,sw,133
age,12,ist6,rw,16,sw,133
age,12,ist6,rw,15,sw,130
age,12,ist6,rw,14,sw,127
age,12,ist6,rw,13,sw,123
age,12,ist6,rw,12,sw,120
age,12,ist6,rw,11,sw,117
age,12,ist6,rw,10,sw,113
age,12,ist6,rw,9,sw,110
age,12,ist6,rw,8,sw,107
age,12,ist6,rw,7,sw,103
age,12,ist6,rw,6,sw,100
age,12,ist6,rw,5,sw,97
age,12,ist6,rw,4,sw,93
age,12,ist6,rw,3,sw,90
age,12,ist6,rw,2,sw,87
age,12,ist6,rw,1,sw,83
age,12,ist6,rw,0,sw,80
age,12,ist7,rw,20,sw,134
age,12,ist7,rw,19,sw,134
age,12,ist7,rw,18,sw,134
age,12,ist7,rw,17,sw,134
age,12,ist7,rw,16,sw,130
age,12,ist7,rw,15,sw,127
age,12,ist7,rw,14,sw,123
age,12,ist7,rw,13,sw,120
age,12,ist7,rw,12,sw,116
age,12,ist7,rw,11,sw,113
age,12,ist7,rw,10,sw,109
age,12,ist7,rw,9,sw,105
age,12,ist7,rw,8,sw,102
age,12,ist7,rw,7,sw,98
age,12,ist7,rw,6,sw,95
age,12,ist7,rw,5,sw,91
age,12,ist7,rw,4,sw,88
age,12,ist7,rw,3,sw,84
age,12,ist7,rw,2,sw,80
age,12,ist7,rw,1,sw,77
age,12,ist7,rw,0,sw,74
age,12,ist8,rw,20,sw,133
age,12,ist8,rw,19,sw,133
age,12,ist8,rw,18,sw,133
age,12,ist8,rw,17,sw,130
age,12,ist8,rw,16,sw,127
age,12,ist8,rw,15,sw,123
age,12,ist8,rw,14,sw,120
age,12,ist8,rw,13,sw,117
age,12,ist8,rw,12,sw,114
age,12,ist8,rw,11,sw,111
age,12,ist8,rw,10,sw,108
age,12,ist8,rw,9,sw,105
age,12,ist8,rw,8,sw,102
age,12,ist8,rw,7,sw,98
age,12,ist8,rw,6,sw,95
age,12,ist8,rw,5,sw,92
age,12,ist8,rw,4,sw,89
age,12,ist8,rw,3,sw,86
age,12,ist8,rw,2,sw,83
age,12,ist8,rw,1,sw,80
age,12,ist8,rw,0,sw,77
age,12,ist9,rw,20,sw,133
age,12,ist9,rw,19,sw,133
age,12,ist9,rw,18,sw,133
age,12,ist9,rw,17,sw,130
age,12,ist9,rw,16,sw,127
age,12,ist9,rw,15,sw,124
age,12,ist9,rw,14,sw,121
age,12,ist9,rw,13,sw,119
age,12,ist9,rw,12,sw,116
age,12,ist9,rw,11,sw,113
age,12,ist9,rw,10,sw,110
age,12,ist9,rw,9,sw,107
age,12,ist9,rw,8,sw,104
age,12,ist9,rw,7,sw,101
age,12,ist9,rw,6,sw,98
age,12,ist9,rw,5,sw,95
age,12,ist9,rw,4,sw,92
age,12,ist9,rw,3,sw,89
age,12,ist9,rw,2,sw,86
age,12,ist9,rw,1,sw,83
age,12,ist9,rw,0,sw,80
age,12,gesamt,rw,>0,sw,68
age,12,gesamt,rw,>10,sw,74
age,12,gesamt,rw,>20,sw,80
age,12,gesamt,rw,>30,sw,86
age,12,gesamt,rw,>40,sw,92
age,12,gesamt,rw,>50,sw,98
age,12,gesamt,rw,>60,sw,104
age,12,gesamt,rw,>70,sw,109
age,12,gesamt,rw,>80,sw,115
age,12,gesamt,rw,>90,sw,121
age,12,gesamt,rw,>100,sw,127
age,12,gesamt,rw,>110,sw,133
age,12,gesamt,rw,>120,sw,139
age,12,gesamt,rw,>130,sw,139
age,12,gesamt,rw,>140,sw,139
age,12,gesamt,rw,>150,sw,139
age,12,gesamt,rw,>160,sw,139
age,12,gesamt,rw,>170,sw,139
age,13,ist1,rw,20,sw,134
age,13,ist1,rw,19,sw,134
age,13,ist1,rw,18,sw,134
age,13,ist1,rw,17,sw,134
age,13,ist1,rw,16,sw,134
age,13,ist1,rw,15,sw,130
age,13,ist1,rw,14,sw,127
age,13,ist1,rw,13,sw,123
age,13,ist1,rw,12,sw,119
age,13,ist1,rw,11,sw,115
age,13,ist1,rw,10,sw,111
age,13,ist1,rw,9,sw,107
age,13,ist1,rw,8,sw,103
age,13,ist1,rw,7,sw,100
age,13,ist1,rw,6,sw,96
age,13,ist1,rw,5,sw,92
age,13,ist1,rw,4,sw,88
age,13,ist1,rw,3,sw,84
age,13,ist1,rw,2,sw,80
age,13,ist1,rw,1,sw,77
age,13,ist1,rw,0,sw,73
age,13,ist2,rw,20,sw,133
age,13,ist2,rw,19,sw,133
age,13,ist2,rw,18,sw,133
age,13,ist2,rw,17,sw,133
age,13,ist2,rw,16,sw,133
age,13,ist2,rw,15,sw,129
age,13,ist2,rw,14,sw,125
age,13,ist2,rw,13,sw,121
age,13,ist2,rw,12,sw,117
age,13,ist2,rw,11,sw,113
age,13,ist2,rw,10,sw,109
age,13,ist2,rw,9,sw,105
age,13,ist2,rw,8,sw,101
age,13,ist2,rw,7,sw,97
age,13,ist2,rw,6,sw,93
age,13,ist2,rw,5,sw,89
age,13,ist2,rw,4,sw,85
age,13,ist2,rw,3,sw,81
age,13,ist2,rw,2,sw,77
age,13,ist2,rw,1,sw,73
age,13,ist2,rw,0,sw,69
age,13,ist3,rw,20,sw,132
age,13,ist3,rw,19,sw,132
age,13,ist3,rw,18,sw,132
age,13,ist3,rw,17,sw,132
age,13,ist3,rw,16,sw,132
age,13,ist3,rw,15,sw,132
age,13,ist3,rw,14,sw,129
age,13,ist3,rw,13,sw,125
age,13,ist3,rw,12,sw,121
age,13,ist3,rw,11,sw,117
age,13,ist3,rw,10,sw,114
age,13,ist3,rw,9,sw,110
age,13,ist3,rw,8,sw,106
age,13,ist3,rw,7,sw,103
age,13,ist3,rw,6,sw,99
age,13,ist3,rw,5,sw,95
age,13,ist3,rw,4,sw,91
age,13,ist3,rw,3,sw,88
age,13,ist3,rw,2,sw,84
age,13,ist3,rw,1,sw,80
age,13,ist3,rw,0,sw,77
age,13,ist4,rw,20,sw,132
age,13,ist4,rw,19,sw,132
age,13,ist4,rw,18,sw,132
age,13,ist4,rw,17,sw,132
age,13,ist4,rw,16,sw,132
age,13,ist4,rw,15,sw,129
age,13,ist4,rw,14,sw,125
age,13,ist4,rw,13,sw,121
age,13,ist4,rw,12,sw,118
age,13,ist4,rw,11,sw,114
age,13,ist4,rw,10,sw,111
age,13,ist4,rw,9,sw,107
age,13,ist4,rw,8,sw,104
age,13,ist4,rw,7,sw,100
age,13,ist4,rw,6,sw,97
age,13,ist4,rw,5,sw,93
age,13,ist4,rw,4,sw,89
age,13,ist4,rw,3,sw,86
age,13,ist4,rw,2,sw,82
age,13,ist4,rw,1,sw,79
age,13,ist4,rw,0,sw,75
age,13,ist5,rw,20,sw,134
age,13,ist5,rw,19,sw,134
age,13,ist5,rw,18,sw,134
age,13,ist5,rw,17,sw,134
age,13,ist5,rw,16,sw,131
age,13,ist5,rw,15,sw,128
age,13,ist5,rw,14,sw,124
age,13,ist5,rw,13,sw,121
age,13,ist5,rw,12,sw,117
age,13,ist5,rw,11,sw,114
age,13,ist5,rw,10,sw,110
age,13,ist5,rw,9,sw,107
age,13,ist5,rw,8,sw,103
age,13,ist5,rw,7,sw,100
age,13,ist5,rw,6,sw,97
age,13,ist5,rw,5,sw,93
age,13,ist5,rw,4,sw,90
age,13,ist5,rw,3,sw,86
age,13,ist5,rw,2,sw,83
age,13,ist5,rw,1,sw,79
age,13,ist5,rw,0,sw,76
age,13,ist6,rw,20,sw,134
age,13,ist6,rw,19,sw,134
age,13,ist6,rw,18,sw,134
age,13,ist6,rw,17,sw,131
age,13,ist6,rw,16,sw,128
age,13,ist6,rw,15,sw,125
age,13,ist6,rw,14,sw,122
age,13,ist6,rw,13,sw,119
age,13,ist6,rw,12,sw,116
age,13,ist6,rw,11,sw,113
age,13,ist6,rw,10,sw,110
age,13,ist6,rw,9,sw,107
age,13,ist6,rw,8,sw,104
age,13,ist6,rw,7,sw,101
age,13,ist6,rw,6,sw,99
age,13,ist6,rw,5,sw,96
age,13,ist6,rw,4,sw,93
age,13,ist6,rw,3,sw,90
age,13,ist6,rw,2,sw,87
age,13,ist6,rw,1,sw,84
age,13,ist6,rw,0,sw,81
age,13,ist7,rw,20,sw,135
age,13,ist7,rw,19,sw,135
age,13,ist7,rw,18,sw,132
age,13,ist7,rw,17,sw,128
age,13,ist7,rw,16,sw,125
age,13,ist7,rw,15,sw,122
age,13,ist7,rw,14,sw,119
age,13,ist7,rw,13,sw,116
age,13,ist7,rw,12,sw,113
age,13,ist7,rw,11,sw,110
age,13,ist7,rw,10,sw,107
age,13,ist7,rw,9,sw,103
age,13,ist7,rw,8,sw,100
age,13,ist7,rw,7,sw,97
age,13,ist7,rw,6,sw,94
age,13,ist7,rw,5,sw,91
age,13,ist7,rw,4,sw,88
age,13,ist7,rw,3,sw,85
age,13,ist7,rw,2,sw,82
age,13,ist7,rw,1,sw,78
age,13,ist7,rw,0,sw,75
age,13,ist8,rw,20,sw,134
age,13,ist8,rw,19,sw,134
age,13,ist8,rw,18,sw,131
age,13,ist8,rw,17,sw,128
age,13,ist8,rw,16,sw,125
age,13,ist8,rw,15,sw,122
age,13,ist8,rw,14,sw,119
age,13,ist8,rw,13,sw,116
age,13,ist8,rw,12,sw,113
age,13,ist8,rw,11,sw,109
age,13,ist8,rw,10,sw,106
age,13,ist8,rw,9,sw,103
age,13,ist8,rw,8,sw,100
age,13,ist8,rw,7,sw,97
age,13,ist8,rw,6,sw,94
age,13,ist8,rw,5,sw,91
age,13,ist8,rw,4,sw,88
age,13,ist8,rw,3,sw,84
age,13,ist8,rw,2,sw,81
age,13,ist8,rw,1,sw,78
age,13,ist8,rw,0,sw,75
age,13,ist9,rw,20,sw,133
age,13,ist9,rw,19,sw,133
age,13,ist9,rw,18,sw,130
age,13,ist9,rw,17,sw,127
age,13,ist9,rw,16,sw,125
age,13,ist9,rw,15,sw,122
age,13,ist9,rw,14,sw,119
age,13,ist9,rw,13,sw,116
age,13,ist9,rw,12,sw,113
age,13,ist9,rw,11,sw,110
age,13,ist9,rw,10,sw,107
age,13,ist9,rw,9,sw,105
age,13,ist9,rw,8,sw,102
age,13,ist9,rw,7,sw,101
age,13,ist9,rw,6,sw,96
age,13,ist9,rw,5,sw,93
age,13,ist9,rw,4,sw,90
age,13,ist9,rw,3,sw,87
age,13,ist9,rw,2,sw,85
age,13,ist9,rw,1,sw,82
age,13,ist9,rw,0,sw,79
age,13,gesamt,rw,>0,sw,67
age,13,gesamt,rw,>10,sw,72
age,13,gesamt,rw,>20,sw,78
age,13,gesamt,rw,>30,sw,83
age,13,gesamt,rw,>40,sw,89
age,13,gesamt,rw,>50,sw,94
age,13,gesamt,rw,>60,sw,100
age,13,gesamt,rw,>70,sw,106
age,13,gesamt,rw,>80,sw,111
age,13,gesamt,rw,>90,sw,117
age,13,gesamt,rw,>100,sw,122
age,13,gesamt,rw,>110,sw,128
age,13,gesamt,rw,>120,sw,133
age,13,gesamt,rw,>130,sw,133
age,13,gesamt,rw,>140,sw,133
age,13,gesamt,rw,>150,sw,133
age,13,gesamt,rw,>160,sw,133
age,13,gesamt,rw,>170,sw,133
age,14,ist1,rw,20,sw,134
age,14,ist1,rw,19,sw,134
age,14,ist1,rw,18,sw,134
age,14,ist1,rw,17,sw,134
age,14,ist1,rw,16,sw,131
age,14,ist1,rw,15,sw,127
age,14,ist1,rw,14,sw,123
age,14,ist1,rw,13,sw,120
age,14,ist1,rw,12,sw,116
age,14,ist1,rw,11,sw,112
age,14,ist1,rw,10,sw,109
age,14,ist1,rw,9,sw,105
age,14,ist1,rw,8,sw,101
age,14,ist1,rw,7,sw,97
age,14,ist1,rw,6,sw,94
age,14,ist1,rw,5,sw,90
age,14,ist1,rw,4,sw,86
age,14,ist1,rw,3,sw,83
age,14,ist1,rw,2,sw,79
age,14,ist1,rw,1,sw,75
age,14,ist1,rw,0,sw,71
age,14,ist2,rw,20,sw,131
age,14,ist2,rw,19,sw,131
age,14,ist2,rw,18,sw,131
age,14,ist2,rw,17,sw,131
age,14,ist2,rw,16,sw,127
age,14,ist2,rw,15,sw,124
age,14,ist2,rw,14,sw,121
age,14,ist2,rw,13,sw,117
age,14,ist2,rw,12,sw,114
age,14,ist2,rw,11,sw,110
age,14,ist2,rw,10,sw,106
age,14,ist2,rw,9,sw,103
age,14,ist2,rw,8,sw,99
age,14,ist2,rw,7,sw,96
age,14,ist2,rw,6,sw,92
age,14,ist2,rw,5,sw,89
age,14,ist2,rw,4,sw,85
age,14,ist2,rw,3,sw,81
age,14,ist2,rw,2,sw,78
age,14,ist2,rw,1,sw,74
age,14,ist2,rw,0,sw,71
age,14,ist3,rw,20,sw,132
age,14,ist3,rw,19,sw,132
age,14,ist3,rw,18,sw,132
age,14,ist3,rw,17,sw,132
age,14,ist3,rw,16,sw,132
age,14,ist3,rw,15,sw,128
age,14,ist3,rw,14,sw,125
age,14,ist3,rw,13,sw,121
age,14,ist3,rw,12,sw,118
age,14,ist3,rw,11,sw,115
age,14,ist3,rw,10,sw,111
age,14,ist3,rw,9,sw,108
age,14,ist3,rw,8,sw,104
age,14,ist3,rw,7,sw,101
age,14,ist3,rw,6,sw,97
age,14,ist3,rw,5,sw,94
age,14,ist3,rw,4,sw,90
age,14,ist3,rw,3,sw,87
age,14,ist3,rw,2,sw,83
age,14,ist3,rw,1,sw,80
age,14,ist3,rw,0,sw,77
age,14,ist4,rw,20,sw,132
age,14,ist4,rw,19,sw,132
age,14,ist4,rw,18,sw,132
age,14,ist4,rw,17,sw,132
age,14,ist4,rw,16,sw,129
age,14,ist4,rw,15,sw,126
age,14,ist4,rw,14,sw,122
age,14,ist4,rw,13,sw,119
age,14,ist4,rw,12,sw,115
age,14,ist4,rw,11,sw,112
age,14,ist4,rw,10,sw,108
age,14,ist4,rw,9,sw,105
age,14,ist4,rw,8,sw,101
age,14,ist4,rw,7,sw,97
age,14,ist4,rw,6,sw,94
age,14,ist4,rw,5,sw,91
age,14,ist4,rw,4,sw,88
age,14,ist4,rw,3,sw,84
age,14,ist4,rw,2,sw,81
age,14,ist4,rw,1,sw,77
age,14,ist4,rw,0,sw,74
age,14,ist5,rw,20,sw,134
age,14,ist5,rw,19,sw,134
age,14,ist5,rw,18,sw,134
age,14,ist5,rw,17,sw,134
age,14,ist5,rw,16,sw,130
age,14,ist5,rw,15,sw,127
age,14,ist5,rw,14,sw,123
age,14,ist5,rw,13,sw,120
age,14,ist5,rw,12,sw,116
age,14,ist5,rw,11,sw,113
age,14,ist5,rw,10,sw,109
age,14,ist5,rw,9,sw,105
age,14,ist5,rw,8,sw,102
age,14,ist5,rw,7,sw,98
age,14,ist5,rw,6,sw,95
age,14,ist5,rw,5,sw,91
age,14,ist5,rw,4,sw,88
age,14,ist5,rw,3,sw,84
age,14,ist5,rw,2,sw,80
age,14,ist5,rw,1,sw,77
age,14,ist5,rw,0,sw,73
age,14,ist6,rw,20,sw,131
age,14,ist6,rw,19,sw,131
age,14,ist6,rw,18,sw,131
age,14,ist6,rw,17,sw,129
age,14,ist6,rw,16,sw,125
age,14,ist6,rw,15,sw,123
age,14,ist6,rw,14,sw,120
age,14,ist6,rw,13,sw,117
age,14,ist6,rw,12,sw,114
age,14,ist6,rw,11,sw,111
age,14,ist6,rw,10,sw,108
age,14,ist6,rw,9,sw,105
age,14,ist6,rw,8,sw,103
age,14,ist6,rw,7,sw,100
age,14,ist6,rw,6,sw,97
age,14,ist6,rw,5,sw,94
age,14,ist6,rw,4,sw,91
age,14,ist6,rw,3,sw,88
age,14,ist6,rw,2,sw,85
age,14,ist6,rw,1,sw,83
age,14,ist6,rw,0,sw,80
age,14,ist7,rw,20,sw,131
age,14,ist7,rw,19,sw,131
age,14,ist7,rw,18,sw,131
age,14,ist7,rw,17,sw,128
age,14,ist7,rw,16,sw,125
age,14,ist7,rw,15,sw,121
age,14,ist7,rw,14,sw,118
age,14,ist7,rw,13,sw,115
age,14,ist7,rw,12,sw,112
age,14,ist7,rw,11,sw,108
age,14,ist7,rw,10,sw,105
age,14,ist7,rw,9,sw,102
age,14,ist7,rw,8,sw,99
age,14,ist7,rw,7,sw,95
age,14,ist7,rw,6,sw,92
age,14,ist7,rw,5,sw,89
age,14,ist7,rw,4,sw,86
age,14,ist7,rw,3,sw,83
age,14,ist7,rw,2,sw,79
age,14,ist7,rw,1,sw,76
age,14,ist7,rw,0,sw,73
age,14,ist8,rw,20,sw,133
age,14,ist8,rw,19,sw,133
age,14,ist8,rw,18,sw,133
age,14,ist8,rw,17,sw,130
age,14,ist8,rw,16,sw,126
age,14,ist8,rw,15,sw,123
age,14,ist8,rw,14,sw,119
age,14,ist8,rw,13,sw,116
age,14,ist8,rw,12,sw,112
age,14,ist8,rw,11,sw,109
age,14,ist8,rw,10,sw,106
age,14,ist8,rw,9,sw,102
age,14,ist8,rw,8,sw,99
age,14,ist8,rw,7,sw,95
age,14,ist8,rw,6,sw,92
age,14,ist8,rw,5,sw,88
age,14,ist8,rw,4,sw,85
age,14,ist8,rw,3,sw,81
age,14,ist8,rw,2,sw,78
age,14,ist8,rw,1,sw,74
age,14,ist8,rw,0,sw,71
age,14,ist9,rw,20,sw,129
age,14,ist9,rw,19,sw,129
age,14,ist9,rw,18,sw,129
age,14,ist9,rw,17,sw,126
age,14,ist9,rw,16,sw,124
age,14,ist9,rw,15,sw,121
age,14,ist9,rw,14,sw,118
age,14,ist9,rw,13,sw,115
age,14,ist9,rw,12,sw,112
age,14,ist9,rw,11,sw,109
age,14,ist9,rw,10,sw,106
age,14,ist9,rw,9,sw,103
age,14,ist9,rw,8,sw,100
age,14,ist9,rw,7,sw,97
age,14,ist9,rw,6,sw,94
age,14,ist9,rw,5,sw,91
age,14,ist9,rw,4,sw,88
age,14,ist9,rw,3,sw,85
age,14,ist9,rw,2,sw,82
age,14,ist9,rw,1,sw,79
age,14,ist9,rw,0,sw,76
age,14,gesamt,rw,>0,sw,66
age,14,gesamt,rw,>10,sw,71
age,14,gesamt,rw,>20,sw,76
age,14,gesamt,rw,>30,sw,82
age,14,gesamt,rw,>40,sw,87
age,14,gesamt,rw,>50,sw,92
age,14,gesamt,rw,>60,sw,97
age,14,gesamt,rw,>70,sw,103
age,14,gesamt,rw,>80,sw,108
age,14,gesamt,rw,>90,sw,113
age,14,gesamt,rw,>100,sw,118
age,14,gesamt,rw,>110,sw,124
age,14,gesamt,rw,>120,sw,129
age,14,gesamt,rw,>130,sw,134
age,14,gesamt,rw,>140,sw,134
age,14,gesamt,rw,>150,sw,134
age,14,gesamt,rw,>160,sw,134
age,14,gesamt,rw,>170,sw,134
age,15,ist1,rw,20,sw,134
age,15,ist1,rw,19,sw,134
age,15,ist1,rw,18,sw,134
age,15,ist1,rw,17,sw,134
age,15,ist1,rw,16,sw,131
age,15,ist1,rw,15,sw,127
age,15,ist1,rw,14,sw,123
age,15,ist1,rw,13,sw,120
age,15,ist1,rw,12,sw,116
age,15,ist1,rw,11,sw,112
age,15,ist1,rw,10,sw,109
age,15,ist1,rw,9,sw,105
age,15,ist1,rw,8,sw,101
age,15,ist1,rw,7,sw,97
age,15,ist1,rw,6,sw,94
age,15,ist1,rw,5,sw,90
age,15,ist1,rw,4,sw,86
age,15,ist1,rw,3,sw,83
age,15,ist1,rw,2,sw,79
age,15,ist1,rw,1,sw,75
age,15,ist1,rw,0,sw,71
age,15,ist2,rw,20,sw,131
age,15,ist2,rw,19,sw,131
age,15,ist2,rw,18,sw,131
age,15,ist2,rw,17,sw,131
age,15,ist2,rw,16,sw,127
age,15,ist2,rw,15,sw,124
age,15,ist2,rw,14,sw,121
age,15,ist2,rw,13,sw,117
age,15,ist2,rw,12,sw,114
age,15,ist2,rw,11,sw,110
age,15,ist2,rw,10,sw,106
age,15,ist2,rw,9,sw,103
age,15,ist2,rw,8,sw,99
age,15,ist2,rw,7,sw,96
age,15,ist2,rw,6,sw,92
age,15,ist2,rw,5,sw,89
age,15,ist2,rw,4,sw,85
age,15,ist2,rw,3,sw,81
age,15,ist2,rw,2,sw,78
age,15,ist2,rw,1,sw,74
age,15,ist2,rw,0,sw,71
age,15,ist3,rw,20,sw,132
age,15,ist3,rw,19,sw,132
age,15,ist3,rw,18,sw,132
age,15,ist3,rw,17,sw,132
age,15,ist3,rw,16,sw,132
age,15,ist3,rw,15,sw,128
age,15,ist3,rw,14,sw,125
age,15,ist3,rw,13,sw,121
age,15,ist3,rw,12,sw,118
age,15,ist3,rw,11,sw,115
age,15,ist3,rw,10,sw,111
age,15,ist3,rw,9,sw,108
age,15,ist3,rw,8,sw,104
age,15,ist3,rw,7,sw,101
age,15,ist3,rw,6,sw,97
age,15,ist3,rw,5,sw,94
age,15,ist3,rw,4,sw,90
age,15,ist3,rw,3,sw,87
age,15,ist3,rw,2,sw,83
age,15,ist3,rw,1,sw,80
age,15,ist3,rw,0,sw,77
age,15,ist4,rw,20,sw,132
age,15,ist4,rw,19,sw,132
age,15,ist4,rw,18,sw,132
age,15,ist4,rw,17,sw,132
age,15,ist4,rw,16,sw,129
age,15,ist4,rw,15,sw,126
age,15,ist4,rw,14,sw,122
age,15,ist4,rw,13,sw,119
age,15,ist4,rw,12,sw,115
age,15,ist4,rw,11,sw,112
age,15,ist4,rw,10,sw,108
age,15,ist4,rw,9,sw,105
age,15,ist4,rw,8,sw,101
age,15,ist4,rw,7,sw,97
age,15,ist4,rw,6,sw,94
age,15,ist4,rw,5,sw,91
age,15,ist4,rw,4,sw,88
age,15,ist4,rw,3,sw,84
age,15,ist4,rw,2,sw,81
age,15,ist4,rw,1,sw,77
age,15,ist4,rw,0,sw,74
age,15,ist5,rw,20,sw,134
age,15,ist5,rw,19,sw,134
age,15,ist5,rw,18,sw,134
age,15,ist5,rw,17,sw,134
age,15,ist5,rw,16,sw,130
age,15,ist5,rw,15,sw,127
age,15,ist5,rw,14,sw,123
age,15,ist5,rw,13,sw,120
age,15,ist5,rw,12,sw,116
age,15,ist5,rw,11,sw,113
age,15,ist5,rw,10,sw,109
age,15,ist5,rw,9,sw,105
age,15,ist5,rw,8,sw,102
age,15,ist5,rw,7,sw,98
age,15,ist5,rw,6,sw,95
age,15,ist5,rw,5,sw,91
age,15,ist5,rw,4,sw,88
age,15,ist5,rw,3,sw,84
age,15,ist5,rw,2,sw,80
age,15,ist5,rw,1,sw,77
age,15,ist5,rw,0,sw,73
age,15,ist6,rw,20,sw,131
age,15,ist6,rw,19,sw,131
age,15,ist6,rw,18,sw,131
age,15,ist6,rw,17,sw,129
age,15,ist6,rw,16,sw,125
age,15,ist6,rw,15,sw,123
age,15,ist6,rw,14,sw,120
age,15,ist6,rw,13,sw,117
age,15,ist6,rw,12,sw,114
age,15,ist6,rw,11,sw,111
age,15,ist6,rw,10,sw,108
age,15,ist6,rw,9,sw,105
age,15,ist6,rw,8,sw,103
age,15,ist6,rw,7,sw,100
age,15,ist6,rw,6,sw,97
age,15,ist6,rw,5,sw,94
age,15,ist6,rw,4,sw,91
age,15,ist6,rw,3,sw,88
age,15,ist6,rw,2,sw,85
age,15,ist6,rw,1,sw,83
age,15,ist6,rw,0,sw,80
age,15,ist7,rw,20,sw,131
age,15,ist7,rw,19,sw,131
age,15,ist7,rw,18,sw,131
age,15,ist7,rw,17,sw,128
age,15,ist7,rw,16,sw,125
age,15,ist7,rw,15,sw,121
age,15,ist7,rw,14,sw,118
age,15,ist7,rw,13,sw,115
age,15,ist7,rw,12,sw,112
age,15,ist7,rw,11,sw,108
age,15,ist7,rw,10,sw,105
age,15,ist7,rw,9,sw,102
age,15,ist7,rw,8,sw,99
age,15,ist7,rw,7,sw,95
age,15,ist7,rw,6,sw,92
age,15,ist7,rw,5,sw,89
age,15,ist7,rw,4,sw,86
age,15,ist7,rw,3,sw,83
age,15,ist7,rw,2,sw,79
age,15,ist7,rw,1,sw,76
age,15,ist7,rw,0,sw,73
age,15,ist8,rw,20,sw,133
age,15,ist8,rw,19,sw,133
age,15,ist8,rw,18,sw,133
age,15,ist8,rw,17,sw,130
age,15,ist8,rw,16,sw,126
age,15,ist8,rw,15,sw,123
age,15,ist8,rw,14,sw,119
age,15,ist8,rw,13,sw,116
age,15,ist8,rw,12,sw,112
age,15,ist8,rw,11,sw,109
age,15,ist8,rw,10,sw,106
age,15,ist8,rw,9,sw,102
age,15,ist8,rw,8,sw,99
age,15,ist8,rw,7,sw,95
age,15,ist8,rw,6,sw,92
age,15,ist8,rw,5,sw,88
age,15,ist8,rw,4,sw,85
age,15,ist8,rw,3,sw,81
age,15,ist8,rw,2,sw,78
age,15,ist8,rw,1,sw,74
age,15,ist8,rw,0,sw,71
age,15,ist9,rw,20,sw,129
age,15,ist9,rw,19,sw,129
age,15,ist9,rw,18,sw,129
age,15,ist9,rw,17,sw,126
age,15,ist9,rw,16,sw,124
age,15,ist9,rw,15,sw,121
age,15,ist9,rw,14,sw,118
age,15,ist9,rw,13,sw,115
age,15,ist9,rw,12,sw,112
age,15,ist9,rw,11,sw,109
age,15,ist9,rw,10,sw,106
age,15,ist9,rw,9,sw,103
age,15,ist9,rw,8,sw,100
age,15,ist9,rw,7,sw,97
age,15,ist9,rw,6,sw,94
age,15,ist9,rw,5,sw,91
age,15,ist9,rw,4,sw,88
age,15,ist9,rw,3,sw,85
age,15,ist9,rw,2,sw,82
age,15,ist9,rw,1,sw,79
age,15,ist9,rw,0,sw,76
age,15,gesamt,rw,>0,sw,66
age,15,gesamt,rw,>10,sw,71
age,15,gesamt,rw,>20,sw,76
age,15,gesamt,rw,>30,sw,82
age,15,gesamt,rw,>40,sw,87
age,15,gesamt,rw,>50,sw,92
age,15,gesamt,rw,>60,sw,97
age,15,gesamt,rw,>70,sw,103
age,15,gesamt,rw,>80,sw,108
age,15,gesamt,rw,>90,sw,113
age,15,gesamt,rw,>100,sw,118
age,15,gesamt,rw,>110,sw,124
age,15,gesamt,rw,>120,sw,129
age,15,gesamt,rw,>130,sw,134
age,15,gesamt,rw,>140,sw,134
age,15,gesamt,rw,>150,sw,134
age,15,gesamt,rw,>160,sw,134
age,15,gesamt,rw,>170,sw,134
age,16,ist1,rw,20,sw,132
age,16,ist1,rw,19,sw,132
age,16,ist1,rw,18,sw,128
age,16,ist1,rw,17,sw,125
age,16,ist1,rw,16,sw,122
age,16,ist1,rw,15,sw,118
age,16,ist1,rw,14,sw,115
age,16,ist1,rw,13,sw,112
age,16,ist1,rw,12,sw,108
age,16,ist1,rw,11,sw,105
age,16,ist1,rw,10,sw,102
age,16,ist1,rw,9,sw,98
age,16,ist1,rw,8,sw,95
age,16,ist1,rw,7,sw,92
age,16,ist1,rw,6,sw,88
age,16,ist1,rw,5,sw,85
age,16,ist1,rw,4,sw,82
age,16,ist1,rw,3,sw,72
age,16,ist1,rw,2,sw,75
age,16,ist1,rw,1,sw,72
age,16,ist1,rw,0,sw,68
age,16,ist2,rw,20,sw,132
age,16,ist2,rw,19,sw,132
age,16,ist2,rw,18,sw,128
age,16,ist2,rw,17,sw,125
age,16,ist2,rw,16,sw,122
age,16,ist2,rw,15,sw,118
age,16,ist2,rw,14,sw,115
age,16,ist2,rw,13,sw,112
age,16,ist2,rw,12,sw,108
age,16,ist2,rw,11,sw,105
age,16,ist2,rw,10,sw,102
age,16,ist2,rw,9,sw,98
age,16,ist2,rw,8,sw,95
age,16,ist2,rw,7,sw,92
age,16,ist2,rw,6,sw,88
age,16,ist2,rw,5,sw,85
age,16,ist2,rw,4,sw,82
age,16,ist2,rw,3,sw,78
age,16,ist2,rw,2,sw,75
age,16,ist2,rw,1,sw,72
age,16,ist2,rw,0,sw,68
age,16,ist3,rw,20,sw,132
age,16,ist3,rw,19,sw,129
age,16,ist3,rw,18,sw,127
age,16,ist3,rw,17,sw,124
age,16,ist3,rw,16,sw,121
age,16,ist3,rw,15,sw,118
age,16,ist3,rw,14,sw,115
age,16,ist3,rw,13,sw,112
age,16,ist3,rw,12,sw,109
age,16,ist3,rw,11,sw,107
age,16,ist3,rw,10,sw,104
age,16,ist3,rw,9,sw,101
age,16,ist3,rw,8,sw,98
age,16,ist3,rw,7,sw,95
age,16,ist3,rw,6,sw,92
age,16,ist3,rw,5,sw,89
age,16,ist3,rw,4,sw,87
age,16,ist3,rw,3,sw,84
age,16,ist3,rw,2,sw,81
age,16,ist3,rw,1,sw,78
age,16,ist3,rw,0,sw,75
age,16,ist4,rw,20,sw,131
age,16,ist4,rw,19,sw,131
age,16,ist4,rw,18,sw,128
age,16,ist4,rw,17,sw,125
age,16,ist4,rw,16,sw,122
age,16,ist4,rw,15,sw,119
age,16,ist4,rw,14,sw,116
age,16,ist4,rw,13,sw,113
age,16,ist4,rw,12,sw,109
age,16,ist4,rw,11,sw,106
age,16,ist4,rw,10,sw,103
age,16,ist4,rw,9,sw,100
age,16,ist4,rw,8,sw,97
age,16,ist4,rw,7,sw,94
age,16,ist4,rw,6,sw,91
age,16,ist4,rw,5,sw,88
age,16,ist4,rw,4,sw,84
age,16,ist4,rw,3,sw,81
age,16,ist4,rw,2,sw,78
age,16,ist4,rw,1,sw,75
age,16,ist4,rw,0,sw,72
age,16,ist5,rw,20,sw,134
age,16,ist5,rw,19,sw,131
age,16,ist5,rw,18,sw,128
age,16,ist5,rw,17,sw,125
age,16,ist5,rw,16,sw,122
age,16,ist5,rw,15,sw,119
age,16,ist5,rw,14,sw,116
age,16,ist5,rw,13,sw,113
age,16,ist5,rw,12,sw,110
age,16,ist5,rw,11,sw,107
age,16,ist5,rw,10,sw,104
age,16,ist5,rw,9,sw,101
age,16,ist5,rw,8,sw,98
age,16,ist5,rw,7,sw,95
age,16,ist5,rw,6,sw,92
age,16,ist5,rw,5,sw,88
age,16,ist5,rw,4,sw,85
age,16,ist5,rw,3,sw,82
age,16,ist5,rw,2,sw,79
age,16,ist5,rw,1,sw,76
age,16,ist5,rw,0,sw,73
age,16,ist6,rw,20,sw,129
age,16,ist6,rw,19,sw,126
age,16,ist6,rw,18,sw,124
age,16,ist6,rw,17,sw,121
age,16,ist6,rw,16,sw,119
age,16,ist6,rw,15,sw,116
age,16,ist6,rw,14,sw,114
age,16,ist6,rw,13,sw,111
age,16,ist6,rw,12,sw,108
age,16,ist6,rw,11,sw,106
age,16,ist6,rw,10,sw,103
age,16,ist6,rw,9,sw,101
age,16,ist6,rw,8,sw,98
age,16,ist6,rw,7,sw,96
age,16,ist6,rw,6,sw,93
age,16,ist6,rw,5,sw,91
age,16,ist6,rw,4,sw,88
age,16,ist6,rw,3,sw,85
age,16,ist6,rw,2,sw,83
age,16,ist6,rw,1,sw,80
age,16,ist6,rw,0,sw,78
age,16,ist7,rw,20,sw,130
age,16,ist7,rw,19,sw,127
age,16,ist7,rw,18,sw,124
age,16,ist7,rw,17,sw,122
age,16,ist7,rw,16,sw,119
age,16,ist7,rw,15,sw,116
age,16,ist7,rw,14,sw,113
age,16,ist7,rw,13,sw,111
age,16,ist7,rw,12,sw,108
age,16,ist7,rw,11,sw,106
age,16,ist7,rw,10,sw,102
age,16,ist7,rw,9,sw,99
age,16,ist7,rw,8,sw,97
age,16,ist7,rw,7,sw,94
age,16,ist7,rw,6,sw,91
age,16,ist7,rw,5,sw,88
age,16,ist7,rw,4,sw,86
age,16,ist7,rw,3,sw,83
age,16,ist7,rw,2,sw,80
age,16,ist7,rw,1,sw,77
age,16,ist7,rw,0,sw,74
age,16,ist8,rw,20,sw,134
age,16,ist8,rw,19,sw,131
age,16,ist8,rw,18,sw,128
age,16,ist8,rw,17,sw,125
age,16,ist8,rw,16,sw,122
age,16,ist8,rw,15,sw,118
age,16,ist8,rw,14,sw,115
age,16,ist8,rw,13,sw,112
age,16,ist8,rw,12,sw,109
age,16,ist8,rw,11,sw,106
age,16,ist8,rw,10,sw,103
age,16,ist8,rw,9,sw,100
age,16,ist8,rw,8,sw,97
age,16,ist8,rw,7,sw,93
age,16,ist8,rw,6,sw,90
age,16,ist8,rw,5,sw,87
age,16,ist8,rw,4,sw,84
age,16,ist8,rw,3,sw,81
age,16,ist8,rw,2,sw,78
age,16,ist8,rw,1,sw,75
age,16,ist8,rw,0,sw,72
age,16,ist9,rw,20,sw,127
age,16,ist9,rw,19,sw,124
age,16,ist9,rw,18,sw,121
age,16,ist9,rw,17,sw,119
age,16,ist9,rw,16,sw,116
age,16,ist9,rw,15,sw,113
age,16,ist9,rw,14,sw,111
age,16,ist9,rw,13,sw,108
age,16,ist9,rw,12,sw,105
age,16,ist9,rw,11,sw,102
age,16,ist9,rw,10,sw,100
age,16,ist9,rw,9,sw,97
age,16,ist9,rw,8,sw,94
age,16,ist9,rw,7,sw,92
age,16,ist9,rw,6,sw,89
age,16,ist9,rw,5,sw,86
age,16,ist9,rw,4,sw,84
age,16,ist9,rw,3,sw,81
age,16,ist9,rw,2,sw,78
age,16,ist9,rw,1,sw,75
age,16,ist9,rw,0,sw,73
age,16,gesamt,rw,>0,sw,63
age,16,gesamt,rw,>10,sw,68
age,16,gesamt,rw,>20,sw,72
age,16,gesamt,rw,>30,sw,77
age,16,gesamt,rw,>40,sw,82
age,16,gesamt,rw,>50,sw,87
age,16,gesamt,rw,>60,sw,91
age,16,gesamt,rw,>70,sw,96
age,16,gesamt,rw,>80,sw,101
age,16,gesamt,rw,>90,sw,106
age,16,gesamt,rw,>100,sw,110
age,16,gesamt,rw,>110,sw,115
age,16,gesamt,rw,>120,sw,120
age,16,gesamt,rw,>130,sw,125
age,16,gesamt,rw,>140,sw,130
age,16,gesamt,rw,>150,sw,134
age,16,gesamt,rw,>160,sw,134
age,16,gesamt,rw,>170,sw,134
age,17,ist1,rw,20,sw,130
age,17,ist1,rw,19,sw,127
age,17,ist1,rw,18,sw,124
age,17,ist1,rw,17,sw,121
age,17,ist1,rw,16,sw,118
age,17,ist1,rw,15,sw,115
age,17,ist1,rw,14,sw,112
age,17,ist1,rw,13,sw,108
age,17,ist1,rw,12,sw,105
age,17,ist1,rw,11,sw,102
age,17,ist1,rw,10,sw,99
age,17,ist1,rw,9,sw,96
age,17,ist1,rw,8,sw,93
age,17,ist1,rw,7,sw,90
age,17,ist1,rw,6,sw,87
age,17,ist1,rw,5,sw,84
age,17,ist1,rw,4,sw,81
age,17,ist1,rw,3,sw,78
age,17,ist1,rw,2,sw,75
age,17,ist1,rw,1,sw,72
age,17,ist1,rw,0,sw,69
age,17,ist2,rw,20,sw,137
age,17,ist2,rw,19,sw,133
age,17,ist2,rw,18,sw,130
age,17,ist2,rw,17,sw,126
age,17,ist2,rw,16,sw,122
age,17,ist2,rw,15,sw,119
age,17,ist2,rw,14,sw,115
age,17,ist2,rw,13,sw,111
age,17,ist2,rw,12,sw,107
age,17,ist2,rw,11,sw,104
age,17,ist2,rw,10,sw,100
age,17,ist2,rw,9,sw,96
age,17,ist2,rw,8,sw,93
age,17,ist2,rw,7,sw,89
age,17,ist2,rw,6,sw,85
age,17,ist2,rw,5,sw,81
age,17,ist2,rw,4,sw,78
age,17,ist2,rw,3,sw,74
age,17,ist2,rw,2,sw,70
age,17,ist2,rw,1,sw,67
age,17,ist2,rw,0,sw,63
age,17,ist3,rw,20,sw,127
age,17,ist3,rw,19,sw,125
age,17,ist3,rw,18,sw,122
age,17,ist3,rw,17,sw,120
age,17,ist3,rw,16,sw,117
age,17,ist3,rw,15,sw,115
age,17,ist3,rw,14,sw,112
age,17,ist3,rw,13,sw,109
age,17,ist3,rw,12,sw,107
age,17,ist3,rw,11,sw,104
age,17,ist3,rw,10,sw,102
age,17,ist3,rw,9,sw,99
age,17,ist3,rw,8,sw,97
age,17,ist3,rw,7,sw,94
age,17,ist3,rw,6,sw,92
age,17,ist3,rw,5,sw,89
age,17,ist3,rw,4,sw,86
age,17,ist3,rw,3,sw,84
age,17,ist3,rw,2,sw,81
age,17,ist3,rw,1,sw,79
age,17,ist3,rw,0,sw,75
age,17,ist4,rw,20,sw,127
age,17,ist4,rw,19,sw,124
age,17,ist4,rw,18,sw,122
age,17,ist4,rw,17,sw,119
age,17,ist4,rw,16,sw,116
age,17,ist4,rw,15,sw,114
age,17,ist4,rw,14,sw,111
age,17,ist4,rw,13,sw,108
age,17,ist4,rw,12,sw,106
age,17,ist4,rw,11,sw,103
age,17,ist4,rw,10,sw,101
age,17,ist4,rw,9,sw,98
age,17,ist4,rw,8,sw,95
age,17,ist4,rw,7,sw,93
age,17,ist4,rw,6,sw,90
age,17,ist4,rw,5,sw,87
age,17,ist4,rw,4,sw,85
age,17,ist4,rw,3,sw,82
age,17,ist4,rw,2,sw,79
age,17,ist4,rw,1,sw,77
age,17,ist4,rw,0,sw,74
age,17,ist5,rw,20,sw,132
age,17,ist5,rw,19,sw,129
age,17,ist5,rw,18,sw,126
age,17,ist5,rw,17,sw,124
age,17,ist5,rw,16,sw,121
age,17,ist5,rw,15,sw,118
age,17,ist5,rw,14,sw,115
age,17,ist5,rw,13,sw,112
age,17,ist5,rw,12,sw,109
age,17,ist5,rw,11,sw,106
age,17,ist5,rw,10,sw,103
age,17,ist5,rw,9,sw,100
age,17,ist5,rw,8,sw,97
age,17,ist5,rw,7,sw,94
age,17,ist5,rw,6,sw,91
age,17,ist5,rw,5,sw,88
age,17,ist5,rw,4,sw,85
age,17,ist5,rw,3,sw,82
age,17,ist5,rw,2,sw,79
age,17,ist5,rw,1,sw,76
age,17,ist5,rw,0,sw,74
age,17,ist6,rw,20,sw,126
age,17,ist6,rw,19,sw,124
age,17,ist6,rw,18,sw,121
age,17,ist6,rw,17,sw,119
age,17,ist6,rw,16,sw,116
age,17,ist6,rw,15,sw,114
age,17,ist6,rw,14,sw,111
age,17,ist6,rw,13,sw,109
age,17,ist6,rw,12,sw,106
age,17,ist6,rw,11,sw,104
age,17,ist6,rw,10,sw,101
age,17,ist6,rw,9,sw,99
age,17,ist6,rw,8,sw,96
age,17,ist6,rw,7,sw,94
age,17,ist6,rw,6,sw,91
age,17,ist6,rw,5,sw,89
age,17,ist6,rw,4,sw,86
age,17,ist6,rw,3,sw,84
age,17,ist6,rw,2,sw,81
age,17,ist6,rw,1,sw,79
age,17,ist6,rw,0,sw,76
age,17,ist7,rw,20,sw,129
age,17,ist7,rw,19,sw,126
age,17,ist7,rw,18,sw,123
age,17,ist7,rw,17,sw,121
age,17,ist7,rw,16,sw,118
age,17,ist7,rw,15,sw,115
age,17,ist7,rw,14,sw,112
age,17,ist7,rw,13,sw,109
age,17,ist7,rw,12,sw,107
age,17,ist7,rw,11,sw,104
age,17,ist7,rw,10,sw,101
age,17,ist7,rw,9,sw,98
age,17,ist7,rw,8,sw,96
age,17,ist7,rw,7,sw,93
age,17,ist7,rw,6,sw,90
age,17,ist7,rw,5,sw,87
age,17,ist7,rw,4,sw,84
age,17,ist7,rw,3,sw,82
age,17,ist7,rw,2,sw,79
age,17,ist7,rw,1,sw,76
age,17,ist7,rw,0,sw,73
age,17,ist8,rw,20,sw,132
age,17,ist8,rw,19,sw,129
age,17,ist8,rw,18,sw,126
age,17,ist8,rw,17,sw,123
age,17,ist8,rw,16,sw,120
age,17,ist8,rw,15,sw,117
age,17,ist8,rw,14,sw,114
age,17,ist8,rw,13,sw,111
age,17,ist8,rw,12,sw,108
age,17,ist8,rw,11,sw,105
age,17,ist8,rw,10,sw,102
age,17,ist8,rw,9,sw,99
age,17,ist8,rw,8,sw,96
age,17,ist8,rw,7,sw,93
age,17,ist8,rw,6,sw,90
age,17,ist8,rw,5,sw,87
age,17,ist8,rw,4,sw,84
age,17,ist8,rw,3,sw,81
age,17,ist8,rw,2,sw,78
age,17,ist8,rw,1,sw,75
age,17,ist8,rw,0,sw,72
age,17,ist9,rw,20,sw,123
age,17,ist9,rw,19,sw,121
age,17,ist9,rw,18,sw,118
age,17,ist9,rw,17,sw,116
age,17,ist9,rw,16,sw,113
age,17,ist9,rw,15,sw,111
age,17,ist9,rw,14,sw,108
age,17,ist9,rw,13,sw,106
age,17,ist9,rw,12,sw,103
age,17,ist9,rw,11,sw,101
age,17,ist9,rw,10,sw,98
age,17,ist9,rw,9,sw,96
age,17,ist9,rw,8,sw,93
age,17,ist9,rw,7,sw,91
age,17,ist9,rw,6,sw,88
age,17,ist9,rw,5,sw,86
age,17,ist9,rw,4,sw,83
age,17,ist9,rw,3,sw,81
age,17,ist9,rw,2,sw,78
age,17,ist9,rw,1,sw,76
age,17,ist9,rw,0,sw,73
age,17,gesamt,rw,>0,sw,63
age,17,gesamt,rw,>10,sw,68
age,17,gesamt,rw,>20,sw,73
age,17,gesamt,rw,>30,sw,77
age,17,gesamt,rw,>40,sw,82
age,17,gesamt,rw,>50,sw,86
age,17,gesamt,rw,>60,sw,90
age,17,gesamt,rw,>70,sw,94
age,17,gesamt,rw,>80,sw,99
age,17,gesamt,rw,>90,sw,103
age,17,gesamt,rw,>100,sw,107
age,17,gesamt,rw,>110,sw,112
age,17,gesamt,rw,>120,sw,116
age,17,gesamt,rw,>130,sw,120
age,17,gesamt,rw,>140,sw,125
age,17,gesamt,rw,>150,sw,129
age,17,gesamt,rw,>160,sw,133
age,17,gesamt,rw,>170,sw,138
age,18,ist1,rw,20,sw,127
age,18,ist1,rw,19,sw,124
age,18,ist1,rw,18,sw,121
age,18,ist1,rw,17,sw,119
age,18,ist1,rw,16,sw,116
age,18,ist1,rw,15,sw,113
age,18,ist1,rw,14,sw,110
age,18,ist1,rw,13,sw,107
age,18,ist1,rw,12,sw,104
age,18,ist1,rw,11,sw,101
age,18,ist1,rw,10,sw,99
age,18,ist1,rw,9,sw,96
age,18,ist1,rw,8,sw,93
age,18,ist1,rw,7,sw,90
age,18,ist1,rw,6,sw,87
age,18,ist1,rw,5,sw,84
age,18,ist1,rw,4,sw,81
age,18,ist1,rw,3,sw,79
age,18,ist1,rw,2,sw,76
age,18,ist1,rw,1,sw,73
age,18,ist1,rw,0,sw,70
age,18,ist2,rw,20,sw,133
age,18,ist2,rw,19,sw,130
age,18,ist2,rw,18,sw,126
age,18,ist2,rw,17,sw,123
age,18,ist2,rw,16,sw,119
age,18,ist2,rw,15,sw,116
age,18,ist2,rw,14,sw,112
age,18,ist2,rw,13,sw,109
age,18,ist2,rw,12,sw,106
age,18,ist2,rw,11,sw,102
age,18,ist2,rw,10,sw,99
age,18,ist2,rw,9,sw,95
age,18,ist2,rw,8,sw,92
age,18,ist2,rw,7,sw,88
age,18,ist2,rw,6,sw,85
age,18,ist2,rw,5,sw,81
age,18,ist2,rw,4,sw,78
age,18,ist2,rw,3,sw,74
age,18,ist2,rw,2,sw,71
age,18,ist2,rw,1,sw,68
age,18,ist2,rw,0,sw,64
age,18,ist3,rw,20,sw,126
age,18,ist3,rw,19,sw,124
age,18,ist3,rw,18,sw,121
age,18,ist3,rw,17,sw,119
age,18,ist3,rw,16,sw,116
age,18,ist3,rw,15,sw,114
age,18,ist3,rw,14,sw,111
age,18,ist3,rw,13,sw,108
age,18,ist3,rw,12,sw,106
age,18,ist3,rw,11,sw,103
age,18,ist3,rw,10,sw,101
age,18,ist3,rw,9,sw,98
age,18,ist3,rw,8,sw,96
age,18,ist3,rw,7,sw,93
age,18,ist3,rw,6,sw,91
age,18,ist3,rw,5,sw,88
age,18,ist3,rw,4,sw,85
age,18,ist3,rw,3,sw,83
age,18,ist3,rw,2,sw,80
age,18,ist3,rw,1,sw,78
age,18,ist3,rw,0,sw,75
age,18,ist4,rw,20,sw,125
age,18,ist4,rw,19,sw,122
age,18,ist4,rw,18,sw,120
age,18,ist4,rw,17,sw,117
age,18,ist4,rw,16,sw,115
age,18,ist4,rw,15,sw,112
age,18,ist4,rw,14,sw,110
age,18,ist4,rw,13,sw,107
age,18,ist4,rw,12,sw,105
age,18,ist4,rw,11,sw,102
age,18,ist4,rw,10,sw,100
age,18,ist4,rw,9,sw,97
age,18,ist4,rw,8,sw,95
age,18,ist4,rw,7,sw,92
age,18,ist4,rw,6,sw,90
age,18,ist4,rw,5,sw,87
age,18,ist4,rw,4,sw,85
age,18,ist4,rw,3,sw,82
age,18,ist4,rw,2,sw,80
age,18,ist4,rw,1,sw,77
age,18,ist4,rw,0,sw,75
age,18,ist5,rw,20,sw,131
age,18,ist5,rw,19,sw,128
age,18,ist5,rw,18,sw,125
age,18,ist5,rw,17,sw,122
age,18,ist5,rw,16,sw,119
age,18,ist5,rw,15,sw,117
age,18,ist5,rw,14,sw,114
age,18,ist5,rw,13,sw,111
age,18,ist5,rw,12,sw,108
age,18,ist5,rw,11,sw,105
age,18,ist5,rw,10,sw,102
age,18,ist5,rw,9,sw,99
age,18,ist5,rw,8,sw,97
age,18,ist5,rw,7,sw,94
age,18,ist5,rw,6,sw,91
age,18,ist5,rw,5,sw,88
age,18,ist5,rw,4,sw,85
age,18,ist5,rw,3,sw,82
age,18,ist5,rw,2,sw,79
age,18,ist5,rw,1,sw,77
age,18,ist5,rw,0,sw,74
age,18,ist6,rw,20,sw,124
age,18,ist6,rw,19,sw,122
age,18,ist6,rw,18,sw,119
age,18,ist6,rw,17,sw,117
age,18,ist6,rw,16,sw,115
age,18,ist6,rw,15,sw,112
age,18,ist6,rw,14,sw,110
age,18,ist6,rw,13,sw,107
age,18,ist6,rw,12,sw,105
age,18,ist6,rw,11,sw,103
age,18,ist6,rw,10,sw,100
age,18,ist6,rw,9,sw,98
age,18,ist6,rw,8,sw,95
age,18,ist6,rw,7,sw,93
age,18,ist6,rw,6,sw,91
age,18,ist6,rw,5,sw,88
age,18,ist6,rw,4,sw,86
age,18,ist6,rw,3,sw,84
age,18,ist6,rw,2,sw,81
age,18,ist6,rw,1,sw,79
age,18,ist6,rw,0,sw,76
age,18,ist7,rw,20,sw,130
age,18,ist7,rw,19,sw,127
age,18,ist7,rw,18,sw,124
age,18,ist7,rw,17,sw,121
age,18,ist7,rw,16,sw,118
age,18,ist7,rw,15,sw,115
age,18,ist7,rw,14,sw,112
age,18,ist7,rw,13,sw,109
age,18,ist7,rw,12,sw,106
age,18,ist7,rw,11,sw,104
age,18,ist7,rw,10,sw,101
age,18,ist7,rw,9,sw,98
age,18,ist7,rw,8,sw,95
age,18,ist7,rw,7,sw,92
age,18,ist7,rw,6,sw,89
age,18,ist7,rw,5,sw,86
age,18,ist7,rw,4,sw,83
age,18,ist7,rw,3,sw,80
age,18,ist7,rw,2,sw,77
age,18,ist7,rw,1,sw,74
age,18,ist7,rw,0,sw,71
age,18,ist8,rw,20,sw,129
age,18,ist8,rw,19,sw,126
age,18,ist8,rw,18,sw,123
age,18,ist8,rw,17,sw,121
age,18,ist8,rw,16,sw,118
age,18,ist8,rw,15,sw,115
age,18,ist8,rw,14,sw,112
age,18,ist8,rw,13,sw,109
age,18,ist8,rw,12,sw,107
age,18,ist8,rw,11,sw,104
age,18,ist8,rw,10,sw,101
age,18,ist8,rw,9,sw,98
age,18,ist8,rw,8,sw,96
age,18,ist8,rw,7,sw,93
age,18,ist8,rw,6,sw,90
age,18,ist8,rw,5,sw,87
age,18,ist8,rw,4,sw,84
age,18,ist8,rw,3,sw,82
age,18,ist8,rw,2,sw,79
age,18,ist8,rw,1,sw,76
age,18,ist8,rw,0,sw,73
age,18,ist9,rw,20,sw,121
age,18,ist9,rw,19,sw,118
age,18,ist9,rw,18,sw,116
age,18,ist9,rw,17,sw,114
age,18,ist9,rw,16,sw,111
age,18,ist9,rw,15,sw,109
age,18,ist9,rw,14,sw,106
age,18,ist9,rw,13,sw,104
age,18,ist9,rw,12,sw,102
age,18,ist9,rw,11,sw,99
age,18,ist9,rw,10,sw,97
age,18,ist9,rw,9,sw,95
age,18,ist9,rw,8,sw,92
age,18,ist9,rw,7,sw,90
age,18,ist9,rw,6,sw,87
age,18,ist9,rw,5,sw,85
age,18,ist9,rw,4,sw,83
age,18,ist9,rw,3,sw,80
age,18,ist9,rw,2,sw,78
age,18,ist9,rw,1,sw,75
age,18,ist9,rw,0,sw,73
age,18,gesamt,rw,>0,sw,64
age,18,gesamt,rw,>10,sw,68
age,18,gesamt,rw,>20,sw,73
age,18,gesamt,rw,>30,sw,77
age,18,gesamt,rw,>40,sw,81
age,18,gesamt,rw,>50,sw,85
age,18,gesamt,rw,>60,sw,89
age,18,gesamt,rw,>70,sw,93
age,18,gesamt,rw,>80,sw,98
age,18,gesamt,rw,>90,sw,102
age,18,gesamt,rw,>100,sw,106
age,18,gesamt,rw,>110,sw,110
age,18,gesamt,rw,>120,sw,114
age,18,gesamt,rw,>130,sw,118
age,18,gesamt,rw,>140,sw,123
age,18,gesamt,rw,>150,sw,127
age,18,gesamt,rw,>160,sw,131
age,18,gesamt,rw,>170,sw,135
age,19-20,ist1,rw,20,sw,126
age,19-20,ist1,rw,19,sw,123
age,19-20,ist1,rw,18,sw,120
age,19-20,ist1,rw,17,sw,117
age,19-20,ist1,rw,16,sw,114
age,19-20,ist1,rw,15,sw,112
age,19-20,ist1,rw,14,sw,109
age,19-20,ist1,rw,13,sw,106
age,19-20,ist1,rw,12,sw,103
age,19-20,ist1,rw,11,sw,101
age,19-20,ist1,rw,10,sw,98
age,19-20,ist1,rw,9,sw,95
age,19-20,ist1,rw,8,sw,92
age,19-20,ist1,rw,7,sw,89
age,19-20,ist1,rw,6,sw,87
age,19-20,ist1,rw,5,sw,84
age,19-20,ist1,rw,4,sw,81
age,19-20,ist1,rw,3,sw,78
age,19-20,ist1,rw,2,sw,76
age,19-20,ist1,rw,1,sw,73
age,19-20,ist1,rw,0,sw,70
age,19-20,ist2,rw,20,sw,131
age,19-20,ist2,rw,19,sw,128
age,19-20,ist2,rw,18,sw,125
age,19-20,ist2,rw,17,sw,121
age,19-20,ist2,rw,16,sw,118
age,19-20,ist2,rw,15,sw,115
age,19-20,ist2,rw,14,sw,111
age,19-20,ist2,rw,13,sw,108
age,19-20,ist2,rw,12,sw,105
age,19-20,ist2,rw,11,sw,101
age,19-20,ist2,rw,10,sw,98
age,19-20,ist2,rw,9,sw,95
age,19-20,ist2,rw,8,sw,91
age,19-20,ist2,rw,7,sw,88
age,19-20,ist2,rw,6,sw,85
age,19-20,ist2,rw,5,sw,81
age,19-20,ist2,rw,4,sw,78
age,19-20,ist2,rw,3,sw,75
age,19-20,ist2,rw,2,sw,71
age,19-20,ist2,rw,1,sw,68
age,19-20,ist2,rw,0,sw,65
age,19-20,ist3,rw,20,sw,126
age,19-20,ist3,rw,19,sw,123
age,19-20,ist3,rw,18,sw,121
age,19-20,ist3,rw,17,sw,118
age,19-20,ist3,rw,16,sw,115
age,19-20,ist3,rw,15,sw,113
age,19-20,ist3,rw,14,sw,110
age,19-20,ist3,rw,13,sw,108
age,19-20,ist3,rw,12,sw,105
age,19-20,ist3,rw,11,sw,103
age,19-20,ist3,rw,10,sw,100
age,19-20,ist3,rw,9,sw,97
age,19-20,ist3,rw,8,sw,95
age,19-20,ist3,rw,7,sw,92
age,19-20,ist3,rw,6,sw,90
age,19-20,ist3,rw,5,sw,87
age,19-20,ist3,rw,4,sw,85
age,19-20,ist3,rw,3,sw,82
age,19-20,ist3,rw,2,sw,79
age,19-20,ist3,rw,1,sw,77
age,19-20,ist3,rw,0,sw,74
age,19-20,ist4,rw,20,sw,124
age,19-20,ist4,rw,19,sw,122
age,19-20,ist4,rw,18,sw,119
age,19-20,ist4,rw,17,sw,116
age,19-20,ist4,rw,16,sw,114
age,19-20,ist4,rw,15,sw,111
age,19-20,ist4,rw,14,sw,109
age,19-20,ist4,rw,13,sw,106
age,19-20,ist4,rw,12,sw,104
age,19-20,ist4,rw,11,sw,101
age,19-20,ist4,rw,10,sw,98
age,19-20,ist4,rw,9,sw,96
age,19-20,ist4,rw,8,sw,93
age,19-20,ist4,rw,7,sw,91
age,19-20,ist4,rw,6,sw,88
age,19-20,ist4,rw,5,sw,86
age,19-20,ist4,rw,4,sw,83
age,19-20,ist4,rw,3,sw,81
age,19-20,ist4,rw,2,sw,78
age,19-20,ist4,rw,1,sw,75
age,19-20,ist4,rw,0,sw,73
age,19-20,ist5,rw,20,sw,130
age,19-20,ist5,rw,19,sw,127
age,19-20,ist5,rw,18,sw,124
age,19-20,ist5,rw,17,sw,121
age,19-20,ist5,rw,16,sw,119
age,19-20,ist5,rw,15,sw,116
age,19-20,ist5,rw,14,sw,113
age,19-20,ist5,rw,13,sw,110
age,19-20,ist5,rw,12,sw,108
age,19-20,ist5,rw,11,sw,105
age,19-20,ist5,rw,10,sw,102
age,19-20,ist5,rw,9,sw,99
age,19-20,ist5,rw,8,sw,96
age,19-20,ist5,rw,7,sw,94
age,19-20,ist5,rw,6,sw,91
age,19-20,ist5,rw,5,sw,88
age,19-20,ist5,rw,4,sw,85
age,19-20,ist5,rw,3,sw,83
age,19-20,ist5,rw,2,sw,80
age,19-20,ist5,rw,1,sw,77
age,19-20,ist5,rw,0,sw,74
age,19-20,ist6,rw,20,sw,123
age,19-20,ist6,rw,19,sw,120
age,19-20,ist6,rw,18,sw,118
age,19-20,ist6,rw,17,sw,116
age,19-20,ist6,rw,16,sw,113
age,19-20,ist6,rw,15,sw,111
age,19-20,ist6,rw,14,sw,109
age,19-20,ist6,rw,13,sw,106
age,19-20,ist6,rw,12,sw,104
age,19-20,ist6,rw,11,sw,102
age,19-20,ist6,rw,10,sw,99
age,19-20,ist6,rw,9,sw,97
age,19-20,ist6,rw,8,sw,95
age,19-20,ist6,rw,7,sw,92
age,19-20,ist6,rw,6,sw,90
age,19-20,ist6,rw,5,sw,88
age,19-20,ist6,rw,4,sw,85
age,19-20,ist6,rw,3,sw,83
age,19-20,ist6,rw,2,sw,81
age,19-20,ist6,rw,1,sw,78
age,19-20,ist6,rw,0,sw,76
age,19-20,ist7,rw,20,sw,126
age,19-20,ist7,rw,19,sw,124
age,19-20,ist7,rw,18,sw,121
age,19-20,ist7,rw,17,sw,118
age,19-20,ist7,rw,16,sw,115
age,19-20,ist7,rw,15,sw,113
age,19-20,ist7,rw,14,sw,110
age,19-20,ist7,rw,13,sw,107
age,19-20,ist7,rw,12,sw,105
age,19-20,ist7,rw,11,sw,102
age,19-20,ist7,rw,10,sw,99
age,19-20,ist7,rw,9,sw,96
age,19-20,ist7,rw,8,sw,94
age,19-20,ist7,rw,7,sw,91
age,19-20,ist7,rw,6,sw,88
age,19-20,ist7,rw,5,sw,86
age,19-20,ist7,rw,4,sw,83
age,19-20,ist7,rw,3,sw,80
age,19-20,ist7,rw,2,sw,78
age,19-20,ist7,rw,1,sw,75
age,19-20,ist7,rw,0,sw,72
age,19-20,ist8,rw,20,sw,129
age,19-20,ist8,rw,19,sw,126
age,19-20,ist8,rw,18,sw,123
age,19-20,ist8,rw,17,sw,121
age,19-20,ist8,rw,16,sw,118
age,19-20,ist8,rw,15,sw,115
age,19-20,ist8,rw,14,sw,112
age,19-20,ist8,rw,13,sw,109
age,19-20,ist8,rw,12,sw,106
age,19-20,ist8,rw,11,sw,103
age,19-20,ist8,rw,10,sw,101
age,19-20,ist8,rw,9,sw,98
age,19-20,ist8,rw,8,sw,95
age,19-20,ist8,rw,7,sw,92
age,19-20,ist8,rw,6,sw,89
age,19-20,ist8,rw,5,sw,86
age,19-20,ist8,rw,4,sw,83
age,19-20,ist8,rw,3,sw,81
age,19-20,ist8,rw,2,sw,78
age,19-20,ist8,rw,1,sw,75
age,19-20,ist8,rw,0,sw,72
age,19-20,ist9,rw,20,sw,119
age,19-20,ist9,rw,19,sw,117
age,19-20,ist9,rw,18,sw,114
age,19-20,ist9,rw,17,sw,112
age,19-20,ist9,rw,16,sw,110
age,19-20,ist9,rw,15,sw,108
age,19-20,ist9,rw,14,sw,106
age,19-20,ist9,rw,13,sw,103
age,19-20,ist9,rw,12,sw,101
age,19-20,ist9,rw,11,sw,99
age,19-20,ist9,rw,10,sw,97
age,19-20,ist9,rw,9,sw,94
age,19-20,ist9,rw,8,sw,92
age,19-20,ist9,rw,7,sw,90
age,19-20,ist9,rw,6,sw,88
age,19-20,ist9,rw,5,sw,86
age,19-20,ist9,rw,4,sw,83
age,19-20,ist9,rw,3,sw,81
age,19-20,ist9,rw,2,sw,79
age,19-20,ist9,rw,1,sw,77
age,19-20,ist9,rw,0,sw,74
age,19-20,gesamt,rw,>0,sw,67
age,19-20,gesamt,rw,>10,sw,71
age,19-20,gesamt,rw,>20,sw,75
age,19-20,gesamt,rw,>30,sw,79
age,19-20,gesamt,rw,>40,sw,82
age,19-20,gesamt,rw,>50,sw,86
age,19-20,gesamt,rw,>60,sw,90
age,19-20,gesamt,rw,>70,sw,93
age,19-20,gesamt,rw,>80,sw,97
age,19-20,gesamt,rw,>90,sw,101
age,19-20,gesamt,rw,>100,sw,104
age,19-20,gesamt,rw,>110,sw,108
age,19-20,gesamt,rw,>120,sw,112
age,19-20,gesamt,rw,>130,sw,116
age,19-20,gesamt,rw,>140,sw,119
age,19-20,gesamt,rw,>150,sw,123
age,19-20,gesamt,rw,>160,sw,127
age,19-20,gesamt,rw,>170,sw,130
age,21-25,ist1,rw,20,sw,126
age,21-25,ist1,rw,19,sw,124
age,21-25,ist1,rw,18,sw,121
age,21-25,ist1,rw,17,sw,118
age,21-25,ist1,rw,16,sw,115
age,21-25,ist1,rw,15,sw,112
age,21-25,ist1,rw,14,sw,109
age,21-25,ist1,rw,13,sw,106
age,21-25,ist1,rw,12,sw,103
age,21-25,ist1,rw,11,sw,100
age,21-25,ist1,rw,10,sw,97
age,21-25,ist1,rw,9,sw,94
age,21-25,ist1,rw,8,sw,91
age,21-25,ist1,rw,7,sw,88
age,21-25,ist1,rw,6,sw,85
age,21-25,ist1,rw,5,sw,82
age,21-25,ist1,rw,4,sw,79
age,21-25,ist1,rw,3,sw,76
age,21-25,ist1,rw,2,sw,74
age,21-25,ist1,rw,1,sw,71
age,21-25,ist1,rw,0,sw,68
age,21-25,ist2,rw,20,sw,134
age,21-25,ist2,rw,19,sw,131
age,21-25,ist2,rw,18,sw,127
age,21-25,ist2,rw,17,sw,124
age,21-25,ist2,rw,16,sw,120
age,21-25,ist2,rw,15,sw,116
age,21-25,ist2,rw,14,sw,113
age,21-25,ist2,rw,13,sw,109
age,21-25,ist2,rw,12,sw,106
age,21-25,ist2,rw,11,sw,102
age,21-25,ist2,rw,10,sw,99
age,21-25,ist2,rw,9,sw,95
age,21-25,ist2,rw,8,sw,91
age,21-25,ist2,rw,7,sw,88
age,21-25,ist2,rw,6,sw,84
age,21-25,ist2,rw,5,sw,81
age,21-25,ist2,rw,4,sw,77
age,21-25,ist2,rw,3,sw,74
age,21-25,ist2,rw,2,sw,70
age,21-25,ist2,rw,1,sw,66
age,21-25,ist2,rw,0,sw,63
age,21-25,ist3,rw,20,sw,126
age,21-25,ist3,rw,19,sw,123
age,21-25,ist3,rw,18,sw,121
age,21-25,ist3,rw,17,sw,118
age,21-25,ist3,rw,16,sw,116
age,21-25,ist3,rw,15,sw,113
age,21-25,ist3,rw,14,sw,111
age,21-25,ist3,rw,13,sw,108
age,21-25,ist3,rw,12,sw,106
age,21-25,ist3,rw,11,sw,103
age,21-25,ist3,rw,10,sw,101
age,21-25,ist3,rw,9,sw,98
age,21-25,ist3,rw,8,sw,96
age,21-25,ist3,rw,7,sw,93
age,21-25,ist3,rw,6,sw,91
age,21-25,ist3,rw,5,sw,88
age,21-25,ist3,rw,4,sw,86
age,21-25,ist3,rw,3,sw,83
age,21-25,ist3,rw,2,sw,81
age,21-25,ist3,rw,1,sw,78
age,21-25,ist3,rw,0,sw,76
age,21-25,ist4,rw,20,sw,125
age,21-25,ist4,rw,19,sw,122
age,21-25,ist4,rw,18,sw,119
age,21-25,ist4,rw,17,sw,117
age,21-25,ist4,rw,16,sw,114
age,21-25,ist4,rw,15,sw,111
age,21-25,ist4,rw,14,sw,108
age,21-25,ist4,rw,13,sw,106
age,21-25,ist4,rw,12,sw,103
age,21-25,ist4,rw,11,sw,100
age,21-25,ist4,rw,10,sw,97
age,21-25,ist4,rw,9,sw,94
age,21-25,ist4,rw,8,sw,92
age,21-25,ist4,rw,7,sw,89
age,21-25,ist4,rw,6,sw,86
age,21-25,ist4,rw,5,sw,83
age,21-25,ist4,rw,4,sw,81
age,21-25,ist4,rw,3,sw,78
age,21-25,ist4,rw,2,sw,75
age,21-25,ist4,rw,1,sw,72
age,21-25,ist4,rw,0,sw,69
age,21-25,ist5,rw,20,sw,131
age,21-25,ist5,rw,19,sw,128
age,21-25,ist5,rw,18,sw,125
age,21-25,ist5,rw,17,sw,122
age,21-25,ist5,rw,16,sw,119
age,21-25,ist5,rw,15,sw,117
age,21-25,ist5,rw,14,sw,114
age,21-25,ist5,rw,13,sw,11
age,21-25,ist5,rw,12,sw,108
age,21-25,ist5,rw,11,sw,105
age,21-25,ist5,rw,10,sw,102
age,21-25,ist5,rw,9,sw,99
age,21-25,ist5,rw,8,sw,97
age,21-25,ist5,rw,7,sw,94
age,21-25,ist5,rw,6,sw,91
age,21-25,ist5,rw,5,sw,88
age,21-25,ist5,rw,4,sw,85
age,21-25,ist5,rw,3,sw,82
age,21-25,ist5,rw,2,sw,79
age,21-25,ist5,rw,1,sw,77
age,21-25,ist5,rw,0,sw,74
age,21-25,ist6,rw,20,sw,125
age,21-25,ist6,rw,19,sw,122
age,21-25,ist6,rw,18,sw,120
age,21-25,ist6,rw,17,sw,118
age,21-25,ist6,rw,16,sw,115
age,21-25,ist6,rw,15,sw,113
age,21-25,ist6,rw,14,sw,110
age,21-25,ist6,rw,13,sw,108
age,21-25,ist6,rw,12,sw,106
age,21-25,ist6,rw,11,sw,103
age,21-25,ist6,rw,10,sw,101
age,21-25,ist6,rw,9,sw,99
age,21-25,ist6,rw,8,sw,96
age,21-25,ist6,rw,7,sw,94
age,21-25,ist6,rw,6,sw,91
age,21-25,ist6,rw,5,sw,89
age,21-25,ist6,rw,4,sw,87
age,21-25,ist6,rw,3,sw,84
age,21-25,ist6,rw,2,sw,82
age,21-25,ist6,rw,1,sw,80
age,21-25,ist6,rw,0,sw,77
age,21-25,ist7,rw,20,sw,127
age,21-25,ist7,rw,19,sw,124
age,21-25,ist7,rw,18,sw,121
age,21-25,ist7,rw,17,sw,119
age,21-25,ist7,rw,16,sw,116
age,21-25,ist7,rw,15,sw,113
age,21-25,ist7,rw,14,sw,110
age,21-25,ist7,rw,13,sw,107
age,21-25,ist7,rw,12,sw,104
age,21-25,ist7,rw,11,sw,101
age,21-25,ist7,rw,10,sw,99
age,21-25,ist7,rw,9,sw,96
age,21-25,ist7,rw,8,sw,93
age,21-25,ist7,rw,7,sw,90
age,21-25,ist7,rw,6,sw,87
age,21-25,ist7,rw,5,sw,84
age,21-25,ist7,rw,4,sw,81
age,21-25,ist7,rw,3,sw,79
age,21-25,ist7,rw,2,sw,76
age,21-25,ist7,rw,1,sw,73
age,21-25,ist7,rw,0,sw,70
age,21-25,ist8,rw,20,sw,129
age,21-25,ist8,rw,19,sw,126
age,21-25,ist8,rw,18,sw,123
age,21-25,ist8,rw,17,sw,120
age,21-25,ist8,rw,16,sw,117
age,21-25,ist8,rw,15,sw,115
age,21-25,ist8,rw,14,sw,112
age,21-25,ist8,rw,13,sw,109
age,21-25,ist8,rw,12,sw,106
age,21-25,ist8,rw,11,sw,103
age,21-25,ist8,rw,10,sw,100
age,21-25,ist8,rw,9,sw,97
age,21-25,ist8,rw,8,sw,95
age,21-25,ist8,rw,7,sw,92
age,21-25,ist8,rw,6,sw,89
age,21-25,ist8,rw,5,sw,86
age,21-25,ist8,rw,4,sw,83
age,21-25,ist8,rw,3,sw,80
age,21-25,ist8,rw,2,sw,77
age,21-25,ist8,rw,1,sw,75
age,21-25,ist8,rw,0,sw,72
age,21-25,ist9,rw,20,sw,122
age,21-25,ist9,rw,19,sw,119
age,21-25,ist9,rw,18,sw,117
age,21-25,ist9,rw,17,sw,115
age,21-25,ist9,rw,16,sw,112
age,21-25,ist9,rw,15,sw,110
age,21-25,ist9,rw,14,sw,108
age,21-25,ist9,rw,13,sw,105
age,21-25,ist9,rw,12,sw,103
age,21-25,ist9,rw,11,sw,101
age,21-25,ist9,rw,10,sw,98
age,21-25,ist9,rw,9,sw,96
age,21-25,ist9,rw,8,sw,94
age,21-25,ist9,rw,7,sw,91
age,21-25,ist9,rw,6,sw,89
age,21-25,ist9,rw,5,sw,87
age,21-25,ist9,rw,4,sw,84
age,21-25,ist9,rw,3,sw,82
age,21-25,ist9,rw,2,sw,80
age,21-25,ist9,rw,1,sw,77
age,21-25,ist9,rw,0,sw,75
age,21-25,gesamt,rw,>0,sw,67
age,21-25,gesamt,rw,>10,sw,70
age,21-25,gesamt,rw,>20,sw,74
age,21-25,gesamt,rw,>30,sw,78
age,21-25,gesamt,rw,>40,sw,82
age,21-25,gesamt,rw,>50,sw,86
age,21-25,gesamt,rw,>60,sw,90
age,21-25,gesamt,rw,>70,sw,93
age,21-25,gesamt,rw,>80,sw,97
age,21-25,gesamt,rw,>90,sw,101
age,21-25,gesamt,rw,>100,sw,105
age,21-25,gesamt,rw,>110,sw,109
age,21-25,gesamt,rw,>120,sw,113
age,21-25,gesamt,rw,>130,sw,117
age,21-25,gesamt,rw,>140,sw,120
age,21-25,gesamt,rw,>150,sw,124
age,21-25,gesamt,rw,>160,sw,128
age,21-25,gesamt,rw,>170,sw,132
age,26-30,ist1,rw,20,sw,127
age,26-30,ist1,rw,19,sw,124
age,26-30,ist1,rw,18,sw,121
age,26-30,ist1,rw,17,sw,118
age,26-30,ist1,rw,16,sw,115
age,26-30,ist1,rw,15,sw,112
age,26-30,ist1,rw,14,sw,108
age,26-30,ist1,rw,13,sw,105
age,26-30,ist1,rw,12,sw,102
age,26-30,ist1,rw,11,sw,99
age,26-30,ist1,rw,10,sw,96
age,26-30,ist1,rw,9,sw,93
age,26-30,ist1,rw,8,sw,90
age,26-30,ist1,rw,7,sw,87
age,26-30,ist1,rw,6,sw,84
age,26-30,ist1,rw,5,sw,81
age,26-30,ist1,rw,4,sw,78
age,26-30,ist1,rw,3,sw,75
age,26-30,ist1,rw,2,sw,72
age,26-30,ist1,rw,1,sw,69
age,26-30,ist1,rw,0,sw,66
age,26-30,ist2,rw,20,sw,133
age,26-30,ist2,rw,19,sw,129
age,26-30,ist2,rw,18,sw,126
age,26-30,ist2,rw,17,sw,123
age,26-30,ist2,rw,16,sw,119
age,26-30,ist2,rw,15,sw,116
age,26-30,ist2,rw,14,sw,113
age,26-30,ist2,rw,13,sw,109
age,26-30,ist2,rw,12,sw,106
age,26-30,ist2,rw,11,sw,103
age,26-30,ist2,rw,10,sw,99
age,26-30,ist2,rw,9,sw,96
age,26-30,ist2,rw,8,sw,93
age,26-30,ist2,rw,7,sw,89
age,26-30,ist2,rw,6,sw,86
age,26-30,ist2,rw,5,sw,83
age,26-30,ist2,rw,4,sw,79
age,26-30,ist2,rw,3,sw,76
age,26-30,ist2,rw,2,sw,73
age,26-30,ist2,rw,1,sw,69
age,26-30,ist2,rw,0,sw,66
age,26-30,ist3,rw,20,sw,125
age,26-30,ist3,rw,19,sw,123
age,26-30,ist3,rw,18,sw,121
age,26-30,ist3,rw,17,sw,118
age,26-30,ist3,rw,16,sw,116
age,26-30,ist3,rw,15,sw,114
age,26-30,ist3,rw,14,sw,111
age,26-30,ist3,rw,13,sw,109
age,26-30,ist3,rw,12,sw,106
age,26-30,ist3,rw,11,sw,104
age,26-30,ist3,rw,10,sw,102
age,26-30,ist3,rw,9,sw,99
age,26-30,ist3,rw,8,sw,97
age,26-30,ist3,rw,7,sw,95
age,26-30,ist3,rw,6,sw,92
age,26-30,ist3,rw,5,sw,90
age,26-30,ist3,rw,4,sw,87
age,26-30,ist3,rw,3,sw,85
age,26-30,ist3,rw,2,sw,83
age,26-30,ist3,rw,1,sw,80
age,26-30,ist3,rw,0,sw,78
age,26-30,ist4,rw,20,sw,124
age,26-30,ist4,rw,19,sw,121
age,26-30,ist4,rw,18,sw,119
age,26-30,ist4,rw,17,sw,116
age,26-30,ist4,rw,16,sw,113
age,26-30,ist4,rw,15,sw,110
age,26-30,ist4,rw,14,sw,108
age,26-30,ist4,rw,13,sw,105
age,26-30,ist4,rw,12,sw,102
age,26-30,ist4,rw,11,sw,99
age,26-30,ist4,rw,10,sw,96
age,26-30,ist4,rw,9,sw,94
age,26-30,ist4,rw,8,sw,91
age,26-30,ist4,rw,7,sw,88
age,26-30,ist4,rw,6,sw,85
age,26-30,ist4,rw,5,sw,83
age,26-30,ist4,rw,4,sw,80
age,26-30,ist4,rw,3,sw,77
age,26-30,ist4,rw,2,sw,74
age,26-30,ist4,rw,1,sw,71
age,26-30,ist4,rw,0,sw,69
age,26-30,ist5,rw,20,sw,131
age,26-30,ist5,rw,19,sw,128
age,26-30,ist5,rw,18,sw,125
age,26-30,ist5,rw,17,sw,122
age,26-30,ist5,rw,16,sw,119
age,26-30,ist5,rw,15,sw,117
age,26-30,ist5,rw,14,sw,114
age,26-30,ist5,rw,13,sw,111
age,26-30,ist5,rw,12,sw,108
age,26-30,ist5,rw,11,sw,105
age,26-30,ist5,rw,10,sw,102
age,26-30,ist5,rw,9,sw,99
age,26-30,ist5,rw,8,sw,97
age,26-30,ist5,rw,7,sw,94
age,26-30,ist5,rw,6,sw,91
age,26-30,ist5,rw,5,sw,88
age,26-30,ist5,rw,4,sw,85
age,26-30,ist5,rw,3,sw,82
age,26-30,ist5,rw,2,sw,79
age,26-30,ist5,rw,1,sw,77
age,26-30,ist5,rw,0,sw,74
age,26-30,ist6,rw,20,sw,125
age,26-30,ist6,rw,19,sw,123
age,26-30,ist6,rw,18,sw,120
age,26-30,ist6,rw,17,sw,118
age,26-30,ist6,rw,16,sw,116
age,26-30,ist6,rw,15,sw,113
age,26-30,ist6,rw,14,sw,111
age,26-30,ist6,rw,13,sw,109
age,26-30,ist6,rw,12,sw,107
age,26-30,ist6,rw,11,sw,104
age,26-30,ist6,rw,10,sw,102
age,26-30,ist6,rw,9,sw,100
age,26-30,ist6,rw,8,sw,97
age,26-30,ist6,rw,7,sw,95
age,26-30,ist6,rw,6,sw,93
age,26-30,ist6,rw,5,sw,90
age,26-30,ist6,rw,4,sw,88
age,26-30,ist6,rw,3,sw,86
age,26-30,ist6,rw,2,sw,83
age,26-30,ist6,rw,1,sw,81
age,26-30,ist6,rw,0,sw,79
age,26-30,ist7,rw,20,sw,128
age,26-30,ist7,rw,19,sw,125
age,26-30,ist7,rw,18,sw,122
age,26-30,ist7,rw,17,sw,119
age,26-30,ist7,rw,16,sw,116
age,26-30,ist7,rw,15,sw,113
age,26-30,ist7,rw,14,sw,111
age,26-30,ist7,rw,13,sw,108
age,26-30,ist7,rw,12,sw,105
age,26-30,ist7,rw,11,sw,102
age,26-30,ist7,rw,10,sw,99
age,26-30,ist7,rw,9,sw,96
age,26-30,ist7,rw,8,sw,93
age,26-30,ist7,rw,7,sw,91
age,26-30,ist7,rw,6,sw,88
age,26-30,ist7,rw,5,sw,85
age,26-30,ist7,rw,4,sw,82
age,26-30,ist7,rw,3,sw,79
age,26-30,ist7,rw,2,sw,76
age,26-30,ist7,rw,1,sw,73
age,26-30,ist7,rw,0,sw,71
age,26-30,ist8,rw,20,sw,131
age,26-30,ist8,rw,19,sw,128
age,26-30,ist8,rw,18,sw,125
age,26-30,ist8,rw,17,sw,122
age,26-30,ist8,rw,16,sw,119
age,26-30,ist8,rw,15,sw,116
age,26-30,ist8,rw,14,sw,113
age,26-30,ist8,rw,13,sw,110
age,26-30,ist8,rw,12,sw,107
age,26-30,ist8,rw,11,sw,104
age,26-30,ist8,rw,10,sw,101
age,26-30,ist8,rw,9,sw,99
age,26-30,ist8,rw,8,sw,96
age,26-30,ist8,rw,7,sw,93
age,26-30,ist8,rw,6,sw,90
age,26-30,ist8,rw,5,sw,87
age,26-30,ist8,rw,4,sw,84
age,26-30,ist8,rw,3,sw,81
age,26-30,ist8,rw,2,sw,78
age,26-30,ist8,rw,1,sw,75
age,26-30,ist8,rw,0,sw,72
age,26-30,ist9,rw,20,sw,123
age,26-30,ist9,rw,19,sw,120
age,26-30,ist9,rw,18,sw,118
age,26-30,ist9,rw,17,sw,116
age,26-30,ist9,rw,16,sw,114
age,26-30,ist9,rw,15,sw,111
age,26-30,ist9,rw,14,sw,109
age,26-30,ist9,rw,13,sw,107
age,26-30,ist9,rw,12,sw,105
age,26-30,ist9,rw,11,sw,102
age,26-30,ist9,rw,10,sw,100
age,26-30,ist9,rw,9,sw,98
age,26-30,ist9,rw,8,sw,95
age,26-30,ist9,rw,7,sw,93
age,26-30,ist9,rw,6,sw,91
age,26-30,ist9,rw,5,sw,89
age,26-30,ist9,rw,4,sw,86
age,26-30,ist9,rw,3,sw,84
age,26-30,ist9,rw,2,sw,82
age,26-30,ist9,rw,1,sw,80
age,26-30,ist9,rw,0,sw,77
age,26-30,gesamt,rw,>0,sw,67
age,26-30,gesamt,rw,>10,sw,71
age,26-30,gesamt,rw,>20,sw,75
age,26-30,gesamt,rw,>30,sw,79
age,26-30,gesamt,rw,>40,sw,87
age,26-30,gesamt,rw,>50,sw,87
age,26-30,gesamt,rw,>60,sw,90
age,26-30,gesamt,rw,>70,sw,94
age,26-30,gesamt,rw,>80,sw,98
age,26-30,gesamt,rw,>90,sw,102
age,26-30,gesamt,rw,>100,sw,106
age,26-30,gesamt,rw,>110,sw,110
age,26-30,gesamt,rw,>120,sw,113
age,26-30,gesamt,rw,>130,sw,117
age,26-30,gesamt,rw,>140,sw,121
age,26-30,gesamt,rw,>150,sw,125
age,26-30,gesamt,rw,>160,sw,129
age,26-30,gesamt,rw,>170,sw,133
age,31-35,ist1,rw,20,sw,127
age,31-35,ist1,rw,19,sw,124
age,31-35,ist1,rw,18,sw,121
age,31-35,ist1,rw,17,sw,118
age,31-35,ist1,rw,16,sw,115
age,31-35,ist1,rw,15,sw,112
age,31-35,ist1,rw,14,sw,109
age,31-35,ist1,rw,13,sw,106
age,31-35,ist1,rw,12,sw,103
age,31-35,ist1,rw,11,sw,100
age,31-35,ist1,rw,10,sw,97
age,31-35,ist1,rw,9,sw,94
age,31-35,ist1,rw,8,sw,91
age,31-35,ist1,rw,7,sw,89
age,31-35,ist1,rw,6,sw,86
age,31-35,ist1,rw,5,sw,83
age,31-35,ist1,rw,4,sw,80
age,31-35,ist1,rw,3,sw,77
age,31-35,ist1,rw,2,sw,74
age,31-35,ist1,rw,1,sw,71
age,31-35,ist1,rw,0,sw,68
age,31-35,ist2,rw,20,sw,134
age,31-35,ist2,rw,19,sw,131
age,31-35,ist2,rw,18,sw,127
age,31-35,ist2,rw,17,sw,124
age,31-35,ist2,rw,16,sw,121
age,31-35,ist2,rw,15,sw,117
age,31-35,ist2,rw,14,sw,114
age,31-35,ist2,rw,13,sw,111
age,31-35,ist2,rw,12,sw,107
age,31-35,ist2,rw,11,sw,104
age,31-35,ist2,rw,10,sw,101
age,31-35,ist2,rw,9,sw,97
age,31-35,ist2,rw,8,sw,94
age,31-35,ist2,rw,7,sw,91
age,31-35,ist2,rw,6,sw,87
age,31-35,ist2,rw,5,sw,84
age,31-35,ist2,rw,4,sw,81
age,31-35,ist2,rw,3,sw,77
age,31-35,ist2,rw,2,sw,74
age,31-35,ist2,rw,1,sw,71
age,31-35,ist2,rw,0,sw,67
age,31-35,ist3,rw,20,sw,126
age,31-35,ist3,rw,19,sw,123
age,31-35,ist3,rw,18,sw,121
age,31-35,ist3,rw,17,sw,119
age,31-35,ist3,rw,16,sw,117
age,31-35,ist3,rw,15,sw,114
age,31-35,ist3,rw,14,sw,112
age,31-35,ist3,rw,13,sw,110
age,31-35,ist3,rw,12,sw,108
age,31-35,ist3,rw,11,sw,105
age,31-35,ist3,rw,10,sw,103
age,31-35,ist3,rw,9,sw,101
age,31-35,ist3,rw,8,sw,98
age,31-35,ist3,rw,7,sw,96
age,31-35,ist3,rw,6,sw,94
age,31-35,ist3,rw,5,sw,92
age,31-35,ist3,rw,4,sw,89
age,31-35,ist3,rw,3,sw,87
age,31-35,ist3,rw,2,sw,85
age,31-35,ist3,rw,1,sw,83
age,31-35,ist3,rw,0,sw,80
age,31-35,ist4,rw,20,sw,126
age,31-35,ist4,rw,19,sw,123
age,31-35,ist4,rw,18,sw,120
age,31-35,ist4,rw,17,sw,117
age,31-35,ist4,rw,16,sw,115
age,31-35,ist4,rw,15,sw,112
age,31-35,ist4,rw,14,sw,109
age,31-35,ist4,rw,13,sw,106
age,31-35,ist4,rw,12,sw,103
age,31-35,ist4,rw,11,sw,100
age,31-35,ist4,rw,10,sw,97
age,31-35,ist4,rw,9,sw,95
age,31-35,ist4,rw,8,sw,92
age,31-35,ist4,rw,7,sw,89
age,31-35,ist4,rw,6,sw,86
age,31-35,ist4,rw,5,sw,83
age,31-35,ist4,rw,4,sw,80
age,31-35,ist4,rw,3,sw,77
age,31-35,ist4,rw,2,sw,75
age,31-35,ist4,rw,1,sw,72
age,31-35,ist4,rw,0,sw,69
age,31-35,ist5,rw,20,sw,129
age,31-35,ist5,rw,19,sw,126
age,31-35,ist5,rw,18,sw,124
age,31-35,ist5,rw,17,sw,121
age,31-35,ist5,rw,16,sw,118
age,31-35,ist5,rw,15,sw,116
age,31-35,ist5,rw,14,sw,113
age,31-35,ist5,rw,13,sw,110
age,31-35,ist5,rw,12,sw,108
age,31-35,ist5,rw,11,sw,105
age,31-35,ist5,rw,10,sw,102
age,31-35,ist5,rw,9,sw,99
age,31-35,ist5,rw,8,sw,97
age,31-35,ist5,rw,7,sw,94
age,31-35,ist5,rw,6,sw,91
age,31-35,ist5,rw,5,sw,89
age,31-35,ist5,rw,4,sw,86
age,31-35,ist5,rw,3,sw,83
age,31-35,ist5,rw,2,sw,81
age,31-35,ist5,rw,1,sw,78
age,31-35,ist5,rw,0,sw,75
age,31-35,ist6,rw,20,sw,127
age,31-35,ist6,rw,19,sw,125
age,31-35,ist6,rw,18,sw,122
age,31-35,ist6,rw,17,sw,120
age,31-35,ist6,rw,16,sw,117
age,31-35,ist6,rw,15,sw,115
age,31-35,ist6,rw,14,sw,113
age,31-35,ist6,rw,13,sw,110
age,31-35,ist6,rw,12,sw,108
age,31-35,ist6,rw,11,sw,105
age,31-35,ist6,rw,10,sw,103
age,31-35,ist6,rw,9,sw,101
age,31-35,ist6,rw,8,sw,98
age,31-35,ist6,rw,7,sw,96
age,31-35,ist6,rw,6,sw,94
age,31-35,ist6,rw,5,sw,91
age,31-35,ist6,rw,4,sw,89
age,31-35,ist6,rw,3,sw,86
age,31-35,ist6,rw,2,sw,84
age,31-35,ist6,rw,1,sw,82
age,31-35,ist6,rw,0,sw,79
age,31-35,ist7,rw,20,sw,129
age,31-35,ist7,rw,19,sw,126
age,31-35,ist7,rw,18,sw,123
age,31-35,ist7,rw,17,sw,120
age,31-35,ist7,rw,16,sw,118
age,31-35,ist7,rw,15,sw,115
age,31-35,ist7,rw,14,sw,112
age,31-35,ist7,rw,13,sw,109
age,31-35,ist7,rw,12,sw,106
age,31-35,ist7,rw,11,sw,104
age,31-35,ist7,rw,10,sw,101
age,31-35,ist7,rw,9,sw,98
age,31-35,ist7,rw,8,sw,95
age,31-35,ist7,rw,7,sw,93
age,31-35,ist7,rw,6,sw,90
age,31-35,ist7,rw,5,sw,87
age,31-35,ist7,rw,4,sw,84
age,31-35,ist7,rw,3,sw,81
age,31-35,ist7,rw,2,sw,79
age,31-35,ist7,rw,1,sw,76
age,31-35,ist7,rw,0,sw,73
age,31-35,ist8,rw,20,sw,130
age,31-35,ist8,rw,19,sw,127
age,31-35,ist8,rw,18,sw,124
age,31-35,ist8,rw,17,sw,122
age,31-35,ist8,rw,16,sw,119
age,31-35,ist8,rw,15,sw,116
age,31-35,ist8,rw,14,sw,113
age,31-35,ist8,rw,13,sw,111
age,31-35,ist8,rw,12,sw,108
age,31-35,ist8,rw,11,sw,105
age,31-35,ist8,rw,10,sw,102
age,31-35,ist8,rw,9,sw,99
age,31-35,ist8,rw,8,sw,97
age,31-35,ist8,rw,7,sw,94
age,31-35,ist8,rw,6,sw,91
age,31-35,ist8,rw,5,sw,88
age,31-35,ist8,rw,4,sw,86
age,31-35,ist8,rw,3,sw,83
age,31-35,ist8,rw,2,sw,80
age,31-35,ist8,rw,1,sw,77
age,31-35,ist8,rw,0,sw,74
age,31-35,ist9,rw,20,sw,124
age,31-35,ist9,rw,19,sw,122
age,31-35,ist9,rw,18,sw,119
age,31-35,ist9,rw,17,sw,117
age,31-35,ist9,rw,16,sw,115
age,31-35,ist9,rw,15,sw,113
age,31-35,ist9,rw,14,sw,110
age,31-35,ist9,rw,13,sw,108
age,31-35,ist9,rw,12,sw,106
age,31-35,ist9,rw,11,sw,103
age,31-35,ist9,rw,10,sw,101
age,31-35,ist9,rw,9,sw,99
age,31-35,ist9,rw,8,sw,97
age,31-35,ist9,rw,7,sw,94
age,31-35,ist9,rw,6,sw,92
age,31-35,ist9,rw,5,sw,90
age,31-35,ist9,rw,4,sw,88
age,31-35,ist9,rw,3,sw,85
age,31-35,ist9,rw,2,sw,83
age,31-35,ist9,rw,1,sw,81
age,31-35,ist9,rw,0,sw,78
age,31-35,gesamt,rw,>0,sw,70
age,31-35,gesamt,rw,>10,sw,73
age,31-35,gesamt,rw,>20,sw,77
age,31-35,gesamt,rw,>30,sw,81
age,31-35,gesamt,rw,>40,sw,84
age,31-35,gesamt,rw,>50,sw,88
age,31-35,gesamt,rw,>60,sw,92
age,31-35,gesamt,rw,>70,sw,96
age,31-35,gesamt,rw,>80,sw,99
age,31-35,gesamt,rw,>90,sw,103
age,31-35,gesamt,rw,>100,sw,107
age,31-35,gesamt,rw,>110,sw,110
age,31-35,gesamt,rw,>120,sw,114
age,31-35,gesamt,rw,>130,sw,118
age,31-35,gesamt,rw,>140,sw,121
age,31-35,gesamt,rw,>150,sw,125
age,31-35,gesamt,rw,>160,sw,129
age,31-35,gesamt,rw,>170,sw,133
age,36-40,ist1,rw,20,sw,128
age,36-40,ist1,rw,19,sw,125
age,36-40,ist1,rw,18,sw,122
age,36-40,ist1,rw,17,sw,119
age,36-40,ist1,rw,16,sw,116
age,36-40,ist1,rw,15,sw,113
age,36-40,ist1,rw,14,sw,110
age,36-40,ist1,rw,13,sw,107
age,36-40,ist1,rw,12,sw,104
age,36-40,ist1,rw,11,sw,101
age,36-40,ist1,rw,10,sw,99
age,36-40,ist1,rw,9,sw,96
age,36-40,ist1,rw,8,sw,93
age,36-40,ist1,rw,7,sw,90
age,36-40,ist1,rw,6,sw,87
age,36-40,ist1,rw,5,sw,84
age,36-40,ist1,rw,4,sw,81
age,36-40,ist1,rw,3,sw,78
age,36-40,ist1,rw,2,sw,75
age,36-40,ist1,rw,1,sw,72
age,36-40,ist1,rw,0,sw,69
age,36-40,ist2,rw,20,sw,133
age,36-40,ist2,rw,19,sw,130
age,36-40,ist2,rw,18,sw,127
age,36-40,ist2,rw,17,sw,124
age,36-40,ist2,rw,16,sw,121
age,36-40,ist2,rw,15,sw,118
age,36-40,ist2,rw,14,sw,114
age,36-40,ist2,rw,13,sw,111
age,36-40,ist2,rw,12,sw,108
age,36-40,ist2,rw,11,sw,105
age,36-40,ist2,rw,10,sw,102
age,36-40,ist2,rw,9,sw,99
age,36-40,ist2,rw,8,sw,96
age,36-40,ist2,rw,7,sw,93
age,36-40,ist2,rw,6,sw,89
age,36-40,ist2,rw,5,sw,86
age,36-40,ist2,rw,4,sw,83
age,36-40,ist2,rw,3,sw,80
age,36-40,ist2,rw,2,sw,77
age,36-40,ist2,rw,1,sw,74
age,36-40,ist2,rw,0,sw,71
age,36-40,ist3,rw,20,sw,127
age,36-40,ist3,rw,19,sw,125
age,36-40,ist3,rw,18,sw,122
age,36-40,ist3,rw,17,sw,120
age,36-40,ist3,rw,16,sw,118
age,36-40,ist3,rw,15,sw,115
age,36-40,ist3,rw,14,sw,113
age,36-40,ist3,rw,13,sw,111
age,36-40,ist3,rw,12,sw,109
age,36-40,ist3,rw,11,sw,106
age,36-40,ist3,rw,10,sw,104
age,36-40,ist3,rw,9,sw,102
age,36-40,ist3,rw,8,sw,100
age,36-40,ist3,rw,7,sw,97
age,36-40,ist3,rw,6,sw,95
age,36-40,ist3,rw,5,sw,93
age,36-40,ist3,rw,4,sw,90
age,36-40,ist3,rw,3,sw,88
age,36-40,ist3,rw,2,sw,86
age,36-40,ist3,rw,1,sw,84
age,36-40,ist3,rw,0,sw,81
age,36-40,ist4,rw,20,sw,128
age,36-40,ist4,rw,19,sw,125
age,36-40,ist4,rw,18,sw,122
age,36-40,ist4,rw,17,sw,119
age,36-40,ist4,rw,16,sw,116
age,36-40,ist4,rw,15,sw,113
age,36-40,ist4,rw,14,sw,110
age,36-40,ist4,rw,13,sw,107
age,36-40,ist4,rw,12,sw,104
age,36-40,ist4,rw,11,sw,101
age,36-40,ist4,rw,10,sw,99
age,36-40,ist4,rw,9,sw,96
age,36-40,ist4,rw,8,sw,93
age,36-40,ist4,rw,7,sw,90
age,36-40,ist4,rw,6,sw,87
age,36-40,ist4,rw,5,sw,84
age,36-40,ist4,rw,4,sw,81
age,36-40,ist4,rw,3,sw,78
age,36-40,ist4,rw,2,sw,75
age,36-40,ist4,rw,1,sw,72
age,36-40,ist4,rw,0,sw,69
age,36-40,ist5,rw,20,sw,131
age,36-40,ist5,rw,19,sw,128
age,36-40,ist5,rw,18,sw,125
age,36-40,ist5,rw,17,sw,122
age,36-40,ist5,rw,16,sw,119
age,36-40,ist5,rw,15,sw,116
age,36-40,ist5,rw,14,sw,114
age,36-40,ist5,rw,13,sw,111
age,36-40,ist5,rw,12,sw,108
age,36-40,ist5,rw,11,sw,105
age,36-40,ist5,rw,10,sw,103
age,36-40,ist5,rw,9,sw,100
age,36-40,ist5,rw,8,sw,97
age,36-40,ist5,rw,7,sw,94
age,36-40,ist5,rw,6,sw,91
age,36-40,ist5,rw,5,sw,89
age,36-40,ist5,rw,4,sw,86
age,36-40,ist5,rw,3,sw,83
age,36-40,ist5,rw,2,sw,80
age,36-40,ist5,rw,1,sw,78
age,36-40,ist5,rw,0,sw,75
age,36-40,ist6,rw,20,sw,126
age,36-40,ist6,rw,19,sw,124
age,36-40,ist6,rw,18,sw,121
age,36-40,ist6,rw,17,sw,119
age,36-40,ist6,rw,16,sw,117
age,36-40,ist6,rw,15,sw,115
age,36-40,ist6,rw,14,sw,112
age,36-40,ist6,rw,13,sw,110
age,36-40,ist6,rw,12,sw,108
age,36-40,ist6,rw,11,sw,106
age,36-40,ist6,rw,10,sw,104
age,36-40,ist6,rw,9,sw,101
age,36-40,ist6,rw,8,sw,99
age,36-40,ist6,rw,7,sw,97
age,36-40,ist6,rw,6,sw,95
age,36-40,ist6,rw,5,sw,92
age,36-40,ist6,rw,4,sw,90
age,36-40,ist6,rw,3,sw,88
age,36-40,ist6,rw,2,sw,86
age,36-40,ist6,rw,1,sw,84
age,36-40,ist6,rw,0,sw,81
age,36-40,ist7,rw,20,sw,128
age,36-40,ist7,rw,19,sw,126
age,36-40,ist7,rw,18,sw,123
age,36-40,ist7,rw,17,sw,121
age,36-40,ist7,rw,16,sw,118
age,36-40,ist7,rw,15,sw,115
age,36-40,ist7,rw,14,sw,113
age,36-40,ist7,rw,13,sw,110
age,36-40,ist7,rw,12,sw,108
age,36-40,ist7,rw,11,sw,105
age,36-40,ist7,rw,10,sw,103
age,36-40,ist7,rw,9,sw,100
age,36-40,ist7,rw,8,sw,97
age,36-40,ist7,rw,7,sw,95
age,36-40,ist7,rw,6,sw,92
age,36-40,ist7,rw,5,sw,90
age,36-40,ist7,rw,4,sw,87
age,36-40,ist7,rw,3,sw,85
age,36-40,ist7,rw,2,sw,82
age,36-40,ist7,rw,1,sw,79
age,36-40,ist7,rw,0,sw,77
age,36-40,ist8,rw,20,sw,132
age,36-40,ist8,rw,19,sw,129
age,36-40,ist8,rw,18,sw,126
age,36-40,ist8,rw,17,sw,123
age,36-40,ist8,rw,16,sw,121
age,36-40,ist8,rw,15,sw,118
age,36-40,ist8,rw,14,sw,115
age,36-40,ist8,rw,13,sw,112
age,36-40,ist8,rw,12,sw,109
age,36-40,ist8,rw,11,sw,107
age,36-40,ist8,rw,10,sw,104
age,36-40,ist8,rw,9,sw,101
age,36-40,ist8,rw,8,sw,98
age,36-40,ist8,rw,7,sw,96
age,36-40,ist8,rw,6,sw,93
age,36-40,ist8,rw,5,sw,90
age,36-40,ist8,rw,4,sw,87
age,36-40,ist8,rw,3,sw,84
age,36-40,ist8,rw,2,sw,82
age,36-40,ist8,rw,1,sw,79
age,36-40,ist8,rw,0,sw,76
age,36-40,ist9,rw,20,sw,127
age,36-40,ist9,rw,19,sw,124
age,36-40,ist9,rw,18,sw,122
age,36-40,ist9,rw,17,sw,120
age,36-40,ist9,rw,16,sw,117
age,36-40,ist9,rw,15,sw,115
age,36-40,ist9,rw,14,sw,112
age,36-40,ist9,rw,13,sw,110
age,36-40,ist9,rw,12,sw,107
age,36-40,ist9,rw,11,sw,105
age,36-40,ist9,rw,10,sw,102
age,36-40,ist9,rw,9,sw,100
age,36-40,ist9,rw,8,sw,98
age,36-40,ist9,rw,7,sw,95
age,36-40,ist9,rw,6,sw,93
age,36-40,ist9,rw,5,sw,90
age,36-40,ist9,rw,4,sw,88
age,36-40,ist9,rw,3,sw,85
age,36-40,ist9,rw,2,sw,83
age,36-40,ist9,rw,1,sw,80
age,36-40,ist9,rw,0,sw,78
age,36-40,gesamt,rw,>0,sw,73
age,36-40,gesamt,rw,>10,sw,77
age,36-40,gesamt,rw,>20,sw,80
age,36-40,gesamt,rw,>30,sw,83
age,36-40,gesamt,rw,>40,sw,87
age,36-40,gesamt,rw,>50,sw,90
age,36-40,gesamt,rw,>60,sw,94
age,36-40,gesamt,rw,>70,sw,97
age,36-40,gesamt,rw,>80,sw,101
age,36-40,gesamt,rw,>90,sw,104
age,36-40,gesamt,rw,>100,sw,108
age,36-40,gesamt,rw,>110,sw,111
age,36-40,gesamt,rw,>120,sw,114
age,36-40,gesamt,rw,>130,sw,118
age,36-40,gesamt,rw,>140,sw,121
age,36-40,gesamt,rw,>150,sw,125
age,36-40,gesamt,rw,>160,sw,128
age,36-40,gesamt,rw,>170,sw,132
age,41-45,ist1,rw,20,sw,129
age,41-45,ist1,rw,19,sw,126
age,41-45,ist1,rw,18,sw,123
age,41-45,ist1,rw,17,sw,120
age,41-45,ist1,rw,16,sw,117
age,41-45,ist1,rw,15,sw,114
age,41-45,ist1,rw,14,sw,111
age,41-45,ist1,rw,13,sw,109
age,41-45,ist1,rw,12,sw,106
age,41-45,ist1,rw,11,sw,103
age,41-45,ist1,rw,10,sw,100
age,41-45,ist1,rw,9,sw,97
age,41-45,ist1,rw,8,sw,94
age,41-45,ist1,rw,7,sw,91
age,41-45,ist1,rw,6,sw,89
age,41-45,ist1,rw,5,sw,86
age,41-45,ist1,rw,4,sw,83
age,41-45,ist1,rw,3,sw,80
age,41-45,ist1,rw,2,sw,77
age,41-45,ist1,rw,1,sw,74
age,41-45,ist1,rw,0,sw,71
age,41-45,ist2,rw,20,sw,132
age,41-45,ist2,rw,19,sw,129
age,41-45,ist2,rw,18,sw,126
age,41-45,ist2,rw,17,sw,123
age,41-45,ist2,rw,16,sw,120
age,41-45,ist2,rw,15,sw,117
age,41-45,ist2,rw,14,sw,115
age,41-45,ist2,rw,13,sw,112
age,41-45,ist2,rw,12,sw,109
age,41-45,ist2,rw,11,sw,106
age,41-45,ist2,rw,10,sw,103
age,41-45,ist2,rw,9,sw,100
age,41-45,ist2,rw,8,sw,97
age,41-45,ist2,rw,7,sw,95
age,41-45,ist2,rw,6,sw,92
age,41-45,ist2,rw,5,sw,89
age,41-45,ist2,rw,4,sw,86
age,41-45,ist2,rw,3,sw,83
age,41-45,ist2,rw,2,sw,80
age,41-45,ist2,rw,1,sw,77
age,41-45,ist2,rw,0,sw,75
age,41-45,ist3,rw,20,sw,127
age,41-45,ist3,rw,19,sw,125
age,41-45,ist3,rw,18,sw,123
age,41-45,ist3,rw,17,sw,121
age,41-45,ist3,rw,16,sw,118
age,41-45,ist3,rw,15,sw,116
age,41-45,ist3,rw,14,sw,114
age,41-45,ist3,rw,13,sw,112
age,41-45,ist3,rw,12,sw,110
age,41-45,ist3,rw,11,sw,107
age,41-45,ist3,rw,10,sw,105
age,41-45,ist3,rw,9,sw,103
age,41-45,ist3,rw,8,sw,101
age,41-45,ist3,rw,7,sw,98
age,41-45,ist3,rw,6,sw,96
age,41-45,ist3,rw,5,sw,94
age,41-45,ist3,rw,4,sw,92
age,41-45,ist3,rw,3,sw,90
age,41-45,ist3,rw,2,sw,87
age,41-45,ist3,rw,1,sw,85
age,41-45,ist3,rw,0,sw,83
age,41-45,ist4,rw,20,sw,129
age,41-45,ist4,rw,19,sw,126
age,41-45,ist4,rw,18,sw,123
age,41-45,ist4,rw,17,sw,120
age,41-45,ist4,rw,16,sw,117
age,41-45,ist4,rw,15,sw,114
age,41-45,ist4,rw,14,sw,111
age,41-45,ist4,rw,13,sw,109
age,41-45,ist4,rw,12,sw,106
age,41-45,ist4,rw,11,sw,103
age,41-45,ist4,rw,10,sw,100
age,41-45,ist4,rw,9,sw,97
age,41-45,ist4,rw,8,sw,94
age,41-45,ist4,rw,7,sw,91
age,41-45,ist4,rw,6,sw,89
age,41-45,ist4,rw,5,sw,86
age,41-45,ist4,rw,4,sw,83
age,41-45,ist4,rw,3,sw,80
age,41-45,ist4,rw,2,sw,77
age,41-45,ist4,rw,1,sw,74
age,41-45,ist4,rw,0,sw,71
age,41-45,ist5,rw,20,sw,133
age,41-45,ist5,rw,19,sw,130
age,41-45,ist5,rw,18,sw,127
age,41-45,ist5,rw,17,sw,125
age,41-45,ist5,rw,16,sw,122
age,41-45,ist5,rw,15,sw,119
age,41-45,ist5,rw,14,sw,116
age,41-45,ist5,rw,13,sw,113
age,41-45,ist5,rw,12,sw,110
age,41-45,ist5,rw,11,sw,107
age,41-45,ist5,rw,10,sw,105
age,41-45,ist5,rw,9,sw,102
age,41-45,ist5,rw,8,sw,99
age,41-45,ist5,rw,7,sw,96
age,41-45,ist5,rw,6,sw,93
age,41-45,ist5,rw,5,sw,90
age,41-45,ist5,rw,4,sw,87
age,41-45,ist5,rw,3,sw,85
age,41-45,ist5,rw,2,sw,82
age,41-45,ist5,rw,1,sw,79
age,41-45,ist5,rw,0,sw,76
age,41-45,ist6,rw,20,sw,129
age,41-45,ist6,rw,19,sw,126
age,41-45,ist6,rw,18,sw,124
age,41-45,ist6,rw,17,sw,121
age,41-45,ist6,rw,16,sw,119
age,41-45,ist6,rw,15,sw,117
age,41-45,ist6,rw,14,sw,114
age,41-45,ist6,rw,13,sw,112
age,41-45,ist6,rw,12,sw,110
age,41-45,ist6,rw,11,sw,107
age,41-45,ist6,rw,10,sw,105
age,41-45,ist6,rw,9,sw,102
age,41-45,ist6,rw,8,sw,100
age,41-45,ist6,rw,7,sw,98
age,41-45,ist6,rw,6,sw,95
age,41-45,ist6,rw,5,sw,93
age,41-45,ist6,rw,4,sw,90
age,41-45,ist6,rw,3,sw,88
age,41-45,ist6,rw,2,sw,86
age,41-45,ist6,rw,1,sw,83
age,41-45,ist6,rw,0,sw,81
age,41-45,ist7,rw,20,sw,129
age,41-45,ist7,rw,19,sw,127
age,41-45,ist7,rw,18,sw,124
age,41-45,ist7,rw,17,sw,122
age,41-45,ist7,rw,16,sw,119
age,41-45,ist7,rw,15,sw,117
age,41-45,ist7,rw,14,sw,114
age,41-45,ist7,rw,13,sw,112
age,41-45,ist7,rw,12,sw,109
age,41-45,ist7,rw,11,sw,106
age,41-45,ist7,rw,10,sw,104
age,41-45,ist7,rw,9,sw,101
age,41-45,ist7,rw,8,sw,99
age,41-45,ist7,rw,7,sw,96
age,41-45,ist7,rw,6,sw,94
age,41-45,ist7,rw,5,sw,91
age,41-45,ist7,rw,4,sw,88
age,41-45,ist7,rw,3,sw,86
age,41-45,ist7,rw,2,sw,83
age,41-45,ist7,rw,1,sw,81
age,41-45,ist7,rw,0,sw,78
age,41-45,ist8,rw,20,sw,132
age,41-45,ist8,rw,19,sw,129
age,41-45,ist8,rw,18,sw,126
age,41-45,ist8,rw,17,sw,124
age,41-45,ist8,rw,16,sw,121
age,41-45,ist8,rw,15,sw,118
age,41-45,ist8,rw,14,sw,115
age,41-45,ist8,rw,13,sw,113
age,41-45,ist8,rw,12,sw,110
age,41-45,ist8,rw,11,sw,107
age,41-45,ist8,rw,10,sw,105
age,41-45,ist8,rw,9,sw,102
age,41-45,ist8,rw,8,sw,99
age,41-45,ist8,rw,7,sw,96
age,41-45,ist8,rw,6,sw,94
age,41-45,ist8,rw,5,sw,91
age,41-45,ist8,rw,4,sw,88
age,41-45,ist8,rw,3,sw,86
age,41-45,ist8,rw,2,sw,83
age,41-45,ist8,rw,1,sw,80
age,41-45,ist8,rw,0,sw,78
age,41-45,ist9,rw,20,sw,127
age,41-45,ist9,rw,19,sw,124
age,41-45,ist9,rw,18,sw,122
age,41-45,ist9,rw,17,sw,120
age,41-45,ist9,rw,16,sw,118
age,41-45,ist9,rw,15,sw,115
age,41-45,ist9,rw,14,sw,113
age,41-45,ist9,rw,13,sw,111
age,41-45,ist9,rw,12,sw,108
age,41-45,ist9,rw,11,sw,106
age,41-45,ist9,rw,10,sw,104
age,41-45,ist9,rw,9,sw,102
age,41-45,ist9,rw,8,sw,99
age,41-45,ist9,rw,7,sw,97
age,41-45,ist9,rw,6,sw,95
age,41-45,ist9,rw,5,sw,93
age,41-45,ist9,rw,4,sw,90
age,41-45,ist9,rw,3,sw,88
age,41-45,ist9,rw,2,sw,86
age,41-45,ist9,rw,1,sw,83
age,41-45,ist9,rw,0,sw,81
age,41-45,gesamt,rw,>0,sw,75
age,41-45,gesamt,rw,>10,sw,78
age,41-45,gesamt,rw,>20,sw,82
age,41-45,gesamt,rw,>30,sw,85
age,41-45,gesamt,rw,>40,sw,89
age,41-45,gesamt,rw,>50,sw,92
age,41-45,gesamt,rw,>60,sw,96
age,41-45,gesamt,rw,>70,sw,99
age,41-45,gesamt,rw,>80,sw,102
age,41-45,gesamt,rw,>90,sw,106
age,41-45,gesamt,rw,>100,sw,109
age,41-45,gesamt,rw,>110,sw,113
age,41-45,gesamt,rw,>120,sw,116
age,41-45,gesamt,rw,>130,sw,120
age,41-45,gesamt,rw,>140,sw,123
age,41-45,gesamt,rw,>150,sw,127
age,41-45,gesamt,rw,>160,sw,130
age,41-45,gesamt,rw,>170,sw,133
age,46-50,ist1,rw,20,sw,131
age,46-50,ist1,rw,19,sw,129
age,46-50,ist1,rw,18,sw,126
age,46-50,ist1,rw,17,sw,123
age,46-50,ist1,rw,16,sw,120
age,46-50,ist1,rw,15,sw,117
age,46-50,ist1,rw,14,sw,114
age,46-50,ist1,rw,13,sw,111
age,46-50,ist1,rw,12,sw,108
age,46-50,ist1,rw,11,sw,105
age,46-50,ist1,rw,10,sw,102
age,46-50,ist1,rw,9,sw,99
age,46-50,ist1,rw,8,sw,96
age,46-50,ist1,rw,7,sw,93
age,46-50,ist1,rw,6,sw,90
age,46-50,ist1,rw,5,sw,87
age,46-50,ist1,rw,4,sw,84
age,46-50,ist1,rw,3,sw,81
age,46-50,ist1,rw,2,sw,79
age,46-50,ist1,rw,1,sw,76
age,46-50,ist1,rw,0,sw,73
age,46-50,ist2,rw,20,sw,135
age,46-50,ist2,rw,19,sw,135
age,46-50,ist2,rw,18,sw,131
age,46-50,ist2,rw,17,sw,128
age,46-50,ist2,rw,16,sw,125
age,46-50,ist2,rw,15,sw,122
age,46-50,ist2,rw,14,sw,118
age,46-50,ist2,rw,13,sw,115
age,46-50,ist2,rw,12,sw,112
age,46-50,ist2,rw,11,sw,109
age,46-50,ist2,rw,10,sw,105
age,46-50,ist2,rw,9,sw,102
age,46-50,ist2,rw,8,sw,99
age,46-50,ist2,rw,7,sw,96
age,46-50,ist2,rw,6,sw,93
age,46-50,ist2,rw,5,sw,89
age,46-50,ist2,rw,4,sw,86
age,46-50,ist2,rw,3,sw,83
age,46-50,ist2,rw,2,sw,80
age,46-50,ist2,rw,1,sw,76
age,46-50,ist2,rw,0,sw,73
age,46-50,ist3,rw,20,sw,128
age,46-50,ist3,rw,19,sw,126
age,46-50,ist3,rw,18,sw,124
age,46-50,ist3,rw,17,sw,122
age,46-50,ist3,rw,16,sw,120
age,46-50,ist3,rw,15,sw,117
age,46-50,ist3,rw,14,sw,115
age,46-50,ist3,rw,13,sw,113
age,46-50,ist3,rw,12,sw,111
age,46-50,ist3,rw,11,sw,109
age,46-50,ist3,rw,10,sw,107
age,46-50,ist3,rw,9,sw,104
age,46-50,ist3,rw,8,sw,102
age,46-50,ist3,rw,7,sw,100
age,46-50,ist3,rw,6,sw,98
age,46-50,ist3,rw,5,sw,96
age,46-50,ist3,rw,4,sw,93
age,46-50,ist3,rw,3,sw,91
age,46-50,ist3,rw,2,sw,89
age,46-50,ist3,rw,1,sw,87
age,46-50,ist3,rw,0,sw,85
age,46-50,ist4,rw,20,sw,131
age,46-50,ist4,rw,19,sw,128
age,46-50,ist4,rw,18,sw,125
age,46-50,ist4,rw,17,sw,122
age,46-50,ist4,rw,16,sw,119
age,46-50,ist4,rw,15,sw,116
age,46-50,ist4,rw,14,sw,114
age,46-50,ist4,rw,13,sw,111
age,46-50,ist4,rw,12,sw,108
age,46-50,ist4,rw,11,sw,105
age,46-50,ist4,rw,10,sw,102
age,46-50,ist4,rw,9,sw,99
age,46-50,ist4,rw,8,sw,96
age,46-50,ist4,rw,7,sw,93
age,46-50,ist4,rw,6,sw,90
age,46-50,ist4,rw,5,sw,87
age,46-50,ist4,rw,4,sw,84
age,46-50,ist4,rw,3,sw,81
age,46-50,ist4,rw,2,sw,78
age,46-50,ist4,rw,1,sw,75
age,46-50,ist4,rw,0,sw,72
age,46-50,ist5,rw,20,sw,134
age,46-50,ist5,rw,19,sw,131
age,46-50,ist5,rw,18,sw,128
age,46-50,ist5,rw,17,sw,125
age,46-50,ist5,rw,16,sw,123
age,46-50,ist5,rw,15,sw,120
age,46-50,ist5,rw,14,sw,117
age,46-50,ist5,rw,13,sw,114
age,46-50,ist5,rw,12,sw,111
age,46-50,ist5,rw,11,sw,108
age,46-50,ist5,rw,10,sw,105
age,46-50,ist5,rw,9,sw,103
age,46-50,ist5,rw,8,sw,100
age,46-50,ist5,rw,7,sw,97
age,46-50,ist5,rw,6,sw,94
age,46-50,ist5,rw,5,sw,91
age,46-50,ist5,rw,4,sw,88
age,46-50,ist5,rw,3,sw,85
age,46-50,ist5,rw,2,sw,83
age,46-50,ist5,rw,1,sw,80
age,46-50,ist5,rw,0,sw,77
age,46-50,ist6,rw,20,sw,129
age,46-50,ist6,rw,19,sw,127
age,46-50,ist6,rw,18,sw,124
age,46-50,ist6,rw,17,sw,122
age,46-50,ist6,rw,16,sw,120
age,46-50,ist6,rw,15,sw,118
age,46-50,ist6,rw,14,sw,115
age,46-50,ist6,rw,13,sw,113
age,46-50,ist6,rw,12,sw,111
age,46-50,ist6,rw,11,sw,108
age,46-50,ist6,rw,10,sw,106
age,46-50,ist6,rw,9,sw,104
age,46-50,ist6,rw,8,sw,102
age,46-50,ist6,rw,7,sw,99
age,46-50,ist6,rw,6,sw,97
age,46-50,ist6,rw,5,sw,95
age,46-50,ist6,rw,4,sw,92
age,46-50,ist6,rw,3,sw,90
age,46-50,ist6,rw,2,sw,88
age,46-50,ist6,rw,1,sw,86
age,46-50,ist6,rw,0,sw,83
age,46-50,ist7,rw,20,sw,133
age,46-50,ist7,rw,19,sw,131
age,46-50,ist7,rw,18,sw,128
age,46-50,ist7,rw,17,sw,125
age,46-50,ist7,rw,16,sw,122
age,46-50,ist7,rw,15,sw,119
age,46-50,ist7,rw,14,sw,117
age,46-50,ist7,rw,13,sw,114
age,46-50,ist7,rw,12,sw,111
age,46-50,ist7,rw,11,sw,108
age,46-50,ist7,rw,10,sw,106
age,46-50,ist7,rw,9,sw,103
age,46-50,ist7,rw,8,sw,100
age,46-50,ist7,rw,7,sw,97
age,46-50,ist7,rw,6,sw,94
age,46-50,ist7,rw,5,sw,92
age,46-50,ist7,rw,4,sw,89
age,46-50,ist7,rw,3,sw,86
age,46-50,ist7,rw,2,sw,83
age,46-50,ist7,rw,1,sw,81
age,46-50,ist7,rw,0,sw,78
age,46-50,ist8,rw,20,sw,134
age,46-50,ist8,rw,19,sw,131
age,46-50,ist8,rw,18,sw,128
age,46-50,ist8,rw,17,sw,125
age,46-50,ist8,rw,16,sw,123
age,46-50,ist8,rw,15,sw,120
age,46-50,ist8,rw,14,sw,117
age,46-50,ist8,rw,13,sw,115
age,46-50,ist8,rw,12,sw,112
age,46-50,ist8,rw,11,sw,109
age,46-50,ist8,rw,10,sw,106
age,46-50,ist8,rw,9,sw,104
age,46-50,ist8,rw,8,sw,101
age,46-50,ist8,rw,7,sw,98
age,46-50,ist8,rw,6,sw,96
age,46-50,ist8,rw,5,sw,93
age,46-50,ist8,rw,4,sw,90
age,46-50,ist8,rw,3,sw,88
age,46-50,ist8,rw,2,sw,85
age,46-50,ist8,rw,1,sw,82
age,46-50,ist8,rw,0,sw,79
age,46-50,ist9,rw,20,sw,128
age,46-50,ist9,rw,19,sw,126
age,46-50,ist9,rw,18,sw,123
age,46-50,ist9,rw,17,sw,121
age,46-50,ist9,rw,16,sw,119
age,46-50,ist9,rw,15,sw,117
age,46-50,ist9,rw,14,sw,114
age,46-50,ist9,rw,13,sw,112
age,46-50,ist9,rw,12,sw,110
age,46-50,ist9,rw,11,sw,108
age,46-50,ist9,rw,10,sw,106
age,46-50,ist9,rw,9,sw,103
age,46-50,ist9,rw,8,sw,101
age,46-50,ist9,rw,7,sw,99
age,46-50,ist9,rw,6,sw,97
age,46-50,ist9,rw,5,sw,94
age,46-50,ist9,rw,4,sw,92
age,46-50,ist9,rw,3,sw,90
age,46-50,ist9,rw,2,sw,88
age,46-50,ist9,rw,1,sw,86
age,46-50,ist9,rw,0,sw,83
age,46-50,gesamt,rw,>0,sw,76
age,46-50,gesamt,rw,>10,sw,79
age,46-50,gesamt,rw,>20,sw,83
age,46-50,gesamt,rw,>30,sw,86
age,46-50,gesamt,rw,>40,sw,90
age,46-50,gesamt,rw,>50,sw,94
age,46-50,gesamt,rw,>60,sw,97
age,46-50,gesamt,rw,>70,sw,101
age,46-50,gesamt,rw,>80,sw,104
age,46-50,gesamt,rw,>90,sw,108
age,46-50,gesamt,rw,>100,sw,111
age,46-50,gesamt,rw,>110,sw,115
age,46-50,gesamt,rw,>120,sw,119
age,46-50,gesamt,rw,>130,sw,122
age,46-50,gesamt,rw,>140,sw,126
age,46-50,gesamt,rw,>150,sw,129
age,46-50,gesamt,rw,>160,sw,133
age,46-50,gesamt,rw,>170,sw,136
age,51-60,ist1,rw,20,sw,134
age,51-60,ist1,rw,19,sw,131
age,51-60,ist1,rw,18,sw,129
age,51-60,ist1,rw,17,sw,126
age,51-60,ist1,rw,16,sw,123
age,51-60,ist1,rw,15,sw,120
age,51-60,ist1,rw,14,sw,117
age,51-60,ist1,rw,13,sw,114
age,51-60,ist1,rw,12,sw,111
age,51-60,ist1,rw,11,sw,108
age,51-60,ist1,rw,10,sw,105
age,51-60,ist1,rw,9,sw,102
age,51-60,ist1,rw,8,sw,99
age,51-60,ist1,rw,7,sw,96
age,51-60,ist1,rw,6,sw,93
age,51-60,ist1,rw,5,sw,90
age,51-60,ist1,rw,4,sw,87
age,51-60,ist1,rw,3,sw,84
age,51-60,ist1,rw,2,sw,81
age,51-60,ist1,rw,1,sw,79
age,51-60,ist1,rw,0,sw,76
age,51-60,ist2,rw,20,sw,135
age,51-60,ist2,rw,19,sw,135
age,51-60,ist2,rw,18,sw,131
age,51-60,ist2,rw,17,sw,128
age,51-60,ist2,rw,16,sw,125
age,51-60,ist2,rw,15,sw,122
age,51-60,ist2,rw,14,sw,118
age,51-60,ist2,rw,13,sw,115
age,51-60,ist2,rw,12,sw,112
age,51-60,ist2,rw,11,sw,109
age,51-60,ist2,rw,10,sw,105
age,51-60,ist2,rw,9,sw,102
age,51-60,ist2,rw,8,sw,99
age,51-60,ist2,rw,7,sw,96
age,51-60,ist2,rw,6,sw,93
age,51-60,ist2,rw,5,sw,89
age,51-60,ist2,rw,4,sw,86
age,51-60,ist2,rw,3,sw,83
age,51-60,ist2,rw,2,sw,80
age,51-60,ist2,rw,1,sw,76
age,51-60,ist2,rw,0,sw,73
age,51-60,ist3,rw,20,sw,128
age,51-60,ist3,rw,19,sw,126
age,51-60,ist3,rw,18,sw,124
age,51-60,ist3,rw,17,sw,122
age,51-60,ist3,rw,16,sw,120
age,51-60,ist3,rw,15,sw,117
age,51-60,ist3,rw,14,sw,115
age,51-60,ist3,rw,13,sw,113
age,51-60,ist3,rw,12,sw,111
age,51-60,ist3,rw,11,sw,109
age,51-60,ist3,rw,10,sw,107
age,51-60,ist3,rw,9,sw,104
age,51-60,ist3,rw,8,sw,102
age,51-60,ist3,rw,7,sw,100
age,51-60,ist3,rw,6,sw,98
age,51-60,ist3,rw,5,sw,96
age,51-60,ist3,rw,4,sw,93
age,51-60,ist3,rw,3,sw,91
age,51-60,ist3,rw,2,sw,89
age,51-60,ist3,rw,1,sw,87
age,51-60,ist3,rw,0,sw,85
age,51-60,ist4,rw,20,sw,131
age,51-60,ist4,rw,19,sw,128
age,51-60,ist4,rw,18,sw,125
age,51-60,ist4,rw,17,sw,122
age,51-60,ist4,rw,16,sw,119
age,51-60,ist4,rw,15,sw,116
age,51-60,ist4,rw,14,sw,114
age,51-60,ist4,rw,13,sw,111
age,51-60,ist4,rw,12,sw,108
age,51-60,ist4,rw,11,sw,105
age,51-60,ist4,rw,10,sw,102
age,51-60,ist4,rw,9,sw,99
age,51-60,ist4,rw,8,sw,96
age,51-60,ist4,rw,7,sw,93
age,51-60,ist4,rw,6,sw,90
age,51-60,ist4,rw,5,sw,87
age,51-60,ist4,rw,4,sw,84
age,51-60,ist4,rw,3,sw,81
age,51-60,ist4,rw,2,sw,78
age,51-60,ist4,rw,1,sw,75
age,51-60,ist4,rw,0,sw,72
age,51-60,ist5,rw,20,sw,134
age,51-60,ist5,rw,19,sw,131
age,51-60,ist5,rw,18,sw,128
age,51-60,ist5,rw,17,sw,125
age,51-60,ist5,rw,16,sw,123
age,51-60,ist5,rw,15,sw,120
age,51-60,ist5,rw,14,sw,117
age,51-60,ist5,rw,13,sw,114
age,51-60,ist5,rw,12,sw,111
age,51-60,ist5,rw,11,sw,108
age,51-60,ist5,rw,10,sw,105
age,51-60,ist5,rw,9,sw,103
age,51-60,ist5,rw,8,sw,100
age,51-60,ist5,rw,7,sw,97
age,51-60,ist5,rw,6,sw,94
age,51-60,ist5,rw,5,sw,91
age,51-60,ist5,rw,4,sw,88
age,51-60,ist5,rw,3,sw,85
age,51-60,ist5,rw,2,sw,83
age,51-60,ist5,rw,1,sw,80
age,51-60,ist5,rw,0,sw,77
age,51-60,ist6,rw,20,sw,129
age,51-60,ist6,rw,19,sw,127
age,51-60,ist6,rw,18,sw,124
age,51-60,ist6,rw,17,sw,122
age,51-60,ist6,rw,16,sw,120
age,51-60,ist6,rw,15,sw,118
age,51-60,ist6,rw,14,sw,115
age,51-60,ist6,rw,13,sw,113
age,51-60,ist6,rw,12,sw,111
age,51-60,ist6,rw,11,sw,108
age,51-60,ist6,rw,10,sw,106
age,51-60,ist6,rw,9,sw,104
age,51-60,ist6,rw,8,sw,102
age,51-60,ist6,rw,7,sw,99
age,51-60,ist6,rw,6,sw,97
age,51-60,ist6,rw,5,sw,95
age,51-60,ist6,rw,4,sw,92
age,51-60,ist6,rw,3,sw,90
age,51-60,ist6,rw,2,sw,88
age,51-60,ist6,rw,1,sw,86
age,51-60,ist6,rw,0,sw,83
age,51-60,ist7,rw,20,sw,133
age,51-60,ist7,rw,19,sw,131
age,51-60,ist7,rw,18,sw,128
age,51-60,ist7,rw,17,sw,125
age,51-60,ist7,rw,16,sw,122
age,51-60,ist7,rw,15,sw,119
age,51-60,ist7,rw,14,sw,117
age,51-60,ist7,rw,13,sw,114
age,51-60,ist7,rw,12,sw,111
age,51-60,ist7,rw,11,sw,108
age,51-60,ist7,rw,10,sw,106
age,51-60,ist7,rw,9,sw,103
age,51-60,ist7,rw,8,sw,100
age,51-60,ist7,rw,7,sw,97
age,51-60,ist7,rw,6,sw,94
age,51-60,ist7,rw,5,sw,92
age,51-60,ist7,rw,4,sw,89
age,51-60,ist7,rw,3,sw,86
age,51-60,ist7,rw,2,sw,83
age,51-60,ist7,rw,1,sw,81
age,51-60,ist7,rw,0,sw,78
age,51-60,ist8,rw,20,sw,134
age,51-60,ist8,rw,19,sw,131
age,51-60,ist8,rw,18,sw,128
age,51-60,ist8,rw,17,sw,125
age,51-60,ist8,rw,16,sw,123
age,51-60,ist8,rw,15,sw,120
age,51-60,ist8,rw,14,sw,117
age,51-60,ist8,rw,13,sw,115
age,51-60,ist8,rw,12,sw,112
age,51-60,ist8,rw,11,sw,109
age,51-60,ist8,rw,10,sw,106
age,51-60,ist8,rw,9,sw,104
age,51-60,ist8,rw,8,sw,101
age,51-60,ist8,rw,7,sw,98
age,51-60,ist8,rw,6,sw,96
age,51-60,ist8,rw,5,sw,93
age,51-60,ist8,rw,4,sw,90
age,51-60,ist8,rw,3,sw,88
age,51-60,ist8,rw,2,sw,85
age,51-60,ist8,rw,1,sw,82
age,51-60,ist8,rw,0,sw,79
age,51-60,ist9,rw,20,sw,128
age,51-60,ist9,rw,19,sw,126
age,51-60,ist9,rw,18,sw,123
age,51-60,ist9,rw,17,sw,121
age,51-60,ist9,rw,16,sw,119
age,51-60,ist9,rw,15,sw,117
age,51-60,ist9,rw,14,sw,114
age,51-60,ist9,rw,13,sw,112
age,51-60,ist9,rw,12,sw,110
age,51-60,ist9,rw,11,sw,108
age,51-60,ist9,rw,10,sw,106
age,51-60,ist9,rw,9,sw,103
age,51-60,ist9,rw,8,sw,101
age,51-60,ist9,rw,7,sw,99
age,51-60,ist9,rw,6,sw,97
age,51-60,ist9,rw,5,sw,94
age,51-60,ist9,rw,4,sw,92
age,51-60,ist9,rw,3,sw,90
age,51-60,ist9,rw,2,sw,88
age,51-60,ist9,rw,1,sw,86
age,51-60,ist9,rw,0,sw,83
age,51-60,gesamt,rw,>0,sw,76
age,51-60,gesamt,rw,>10,sw,79
age,51-60,gesamt,rw,>20,sw,83
age,51-60,gesamt,rw,>30,sw,86
age,51-60,gesamt,rw,>40,sw,90
age,51-60,gesamt,rw,>50,sw,94
age,51-60,gesamt,rw,>60,sw,97
age,51-60,gesamt,rw,>70,sw,101
age,51-60,gesamt,rw,>80,sw,104
age,51-60,gesamt,rw,>90,sw,108
age,51-60,gesamt,rw,>100,sw,111
age,51-60,gesamt,rw,>110,sw,115
age,51-60,gesamt,rw,>120,sw,119
age,51-60,gesamt,rw,>130,sw,122
age,51-60,gesamt,rw,>140,sw,126
age,51-60,gesamt,rw,>150,sw,129
age,51-60,gesamt,rw,>160,sw,133
age,51-60,gesamt,rw,>170,sw,136